,country,date,pred
0,New Zealand pred.csv,1993-11-01,0.0
1,New Zealand pred.csv,1993-12-01,5.3967
2,New Zealand pred.csv,1994-01-01,3.5978000002989097
3,New Zealand pred.csv,1994-02-01,3.6183499828211416
4,New Zealand pred.csv,1994-03-01,3.6119411442301663
5,New Zealand pred.csv,1994-04-01,3.6243107481353376
6,New Zealand pred.csv,1994-05-01,3.620362096118938
7,New Zealand pred.csv,1994-06-01,3.620313895106091
8,New Zealand pred.csv,1994-07-01,3.627968551104835
9,New Zealand pred.csv,1994-08-01,3.632146914674843
10,New Zealand pred.csv,1994-09-01,3.6321573809149834
11,New Zealand pred.csv,1994-10-01,3.64282276286524
12,New Zealand pred.csv,1994-11-01,3.64876378549883
13,New Zealand pred.csv,1994-12-01,3.648788998649809
14,New Zealand pred.csv,1995-01-01,3.663707795976963
15,New Zealand pred.csv,1995-02-01,3.664214172036933
16,New Zealand pred.csv,1995-03-01,3.664197314599913
17,New Zealand pred.csv,1995-04-01,3.6781011998969615
18,New Zealand pred.csv,1995-05-01,3.6738100770510167
19,New Zealand pred.csv,1995-06-01,3.673756630294223
20,New Zealand pred.csv,1995-07-01,3.682492719373753
21,New Zealand pred.csv,1995-08-01,3.689025240979441
22,New Zealand pred.csv,1995-09-01,3.68904946307791
23,New Zealand pred.csv,1995-10-01,3.702793340949544
24,New Zealand pred.csv,1995-11-01,3.707240545734243
25,New Zealand pred.csv,1995-12-01,3.707252413099918
26,New Zealand pred.csv,1996-01-01,3.723609935241793
27,New Zealand pred.csv,1996-02-01,3.723964765221501
28,New Zealand pred.csv,1996-03-01,3.7239429134893736
29,New Zealand pred.csv,1996-04-01,3.7390187062017888
30,New Zealand pred.csv,1996-05-01,3.7324126894667167
31,New Zealand pred.csv,1996-06-01,3.732340904603938
32,New Zealand pred.csv,1996-07-01,3.740074024683803
33,New Zealand pred.csv,1996-08-01,3.745985399708352
34,New Zealand pred.csv,1996-09-01,3.746004627565921
35,New Zealand pred.csv,1996-10-01,3.7583005512682655
36,New Zealand pred.csv,1996-11-01,3.762792941930612
37,New Zealand pred.csv,1996-12-01,3.76280676945063
38,New Zealand pred.csv,1997-01-01,3.7779005172338302
39,New Zealand pred.csv,1997-02-01,3.775677309621606
40,New Zealand pred.csv,1997-03-01,3.775640036048957
41,New Zealand pred.csv,1997-04-01,3.787275145829617
42,New Zealand pred.csv,1997-05-01,3.7816146980829792
43,New Zealand pred.csv,1997-06-01,3.781552863778305
44,New Zealand pred.csv,1997-07-01,3.787032489943906
45,New Zealand pred.csv,1997-08-01,3.791582230314373
46,New Zealand pred.csv,1997-09-01,3.7915969406301273
47,New Zealand pred.csv,1997-10-01,3.800638348943471
48,New Zealand pred.csv,1997-11-01,3.803047222771925
49,New Zealand pred.csv,1997-12-01,3.803051334869553
50,New Zealand pred.csv,1998-01-01,3.81335217056014
51,New Zealand pred.csv,1998-02-01,3.811521945030768
52,New Zealand pred.csv,1998-03-01,3.811493689648105
53,New Zealand pred.csv,1998-04-01,3.819158375257555
54,New Zealand pred.csv,1998-05-01,3.815204543389076
55,New Zealand pred.csv,1998-06-01,3.8151618001872905
56,New Zealand pred.csv,1998-07-01,3.818573212397575
57,New Zealand pred.csv,1998-08-01,3.821172961530109
58,New Zealand pred.csv,1998-09-01,3.821179987772596
59,New Zealand pred.csv,1998-10-01,3.826603926963165
60,New Zealand pred.csv,1998-11-01,3.829432128441984
61,New Zealand pred.csv,1998-12-01,3.829443843372396
62,New Zealand pred.csv,1999-01-01,3.836857623300612
63,New Zealand pred.csv,1999-02-01,3.833189626868962
64,New Zealand pred.csv,1999-03-01,3.833154293662955
65,New Zealand pred.csv,1999-04-01,3.836569434847103
66,New Zealand pred.csv,1999-05-01,3.8352041496909446
67,New Zealand pred.csv,1999-06-01,3.835184943413967
68,New Zealand pred.csv,1999-07-01,3.837072419298413
69,New Zealand pred.csv,1999-08-01,3.841240503361595
70,New Zealand pred.csv,1999-09-01,3.841263653665849
71,New Zealand pred.csv,1999-10-01,3.846695707058733
72,New Zealand pred.csv,1999-11-01,3.851358873819934
73,New Zealand pred.csv,1999-12-01,3.851385186810029
74,New Zealand pred.csv,2000-01-01,3.8604324340024574
75,New Zealand pred.csv,2000-02-01,3.8561310124316415
76,New Zealand pred.csv,2000-03-01,3.856090611580616
77,New Zealand pred.csv,2000-04-01,3.860406603101089
78,New Zealand pred.csv,2000-05-01,3.8578158438921
79,New Zealand pred.csv,2000-06-01,3.857786180984168
80,New Zealand pred.csv,2000-07-01,3.859397374552639
81,New Zealand pred.csv,2000-08-01,3.865059111577119
82,New Zealand pred.csv,2000-09-01,3.865091607456582
83,New Zealand pred.csv,2000-10-01,3.8716124445428624
84,New Zealand pred.csv,2000-11-01,3.873344243663308
85,New Zealand pred.csv,2000-12-01,3.8733499401833815
86,New Zealand pred.csv,2001-01-01,3.880760691433105
87,New Zealand pred.csv,2001-02-01,3.876379161224375
88,New Zealand pred.csv,2001-03-01,3.8763381831180648
89,New Zealand pred.csv,2001-04-01,3.879118103198188
90,New Zealand pred.csv,2001-05-01,3.880632463662766
91,New Zealand pred.csv,2001-06-01,3.880633272715168
92,New Zealand pred.csv,2001-07-01,3.884518302249267
93,New Zealand pred.csv,2001-08-01,3.895722252939157
94,New Zealand pred.csv,2001-09-01,3.895792988458562
95,New Zealand pred.csv,2001-10-01,3.90928925337394
96,New Zealand pred.csv,2001-11-01,3.916770273502038
97,New Zealand pred.csv,2001-12-01,3.916809199487681
98,New Zealand pred.csv,2002-01-01,3.9356195199918775
99,New Zealand pred.csv,2002-02-01,3.936347823013997
100,New Zealand pred.csv,2002-03-01,3.9363280865683103
101,New Zealand pred.csv,2002-04-01,3.9539344653245694
102,New Zealand pred.csv,2002-05-01,3.949027719736041
103,New Zealand pred.csv,2002-06-01,3.9489638550916335
104,New Zealand pred.csv,2002-07-01,3.9604952432420704
105,New Zealand pred.csv,2002-08-01,3.968143001918009
106,New Zealand pred.csv,2002-09-01,3.9681691403672152
107,New Zealand pred.csv,2002-10-01,3.985437244782583
108,New Zealand pred.csv,2002-11-01,3.9901658596096503
109,New Zealand pred.csv,2002-12-01,3.9901743421733062
110,New Zealand pred.csv,2003-01-01,4.009963083074409
111,New Zealand pred.csv,2003-02-01,4.014046501836244
112,New Zealand pred.csv,2003-03-01,4.014044357548114
113,New Zealand pred.csv,2003-04-01,4.035544211694899
114,New Zealand pred.csv,2003-05-01,4.027808905614057
115,New Zealand pred.csv,2003-06-01,4.027721751068706
116,New Zealand pred.csv,2003-07-01,4.040235159522687
117,New Zealand pred.csv,2003-08-01,4.045136905783939
118,New Zealand pred.csv,2003-09-01,4.0451397374875615
119,New Zealand pred.csv,2003-10-01,4.060860332173302
120,New Zealand pred.csv,2003-11-01,4.062161351487276
121,New Zealand pred.csv,2003-12-01,4.0621458429451325
122,New Zealand pred.csv,2004-01-01,4.077495847943481
123,New Zealand pred.csv,2004-02-01,4.079261555805918
124,New Zealand pred.csv,2004-03-01,4.079247494888364
125,New Zealand pred.csv,2004-04-01,4.094688568438562
126,New Zealand pred.csv,2004-05-01,4.087920338540552
127,New Zealand pred.csv,2004-06-01,4.087847852136023
128,New Zealand pred.csv,2004-07-01,4.095761299286251
129,New Zealand pred.csv,2004-08-01,4.1009801095943725
130,New Zealand pred.csv,2004-09-01,4.100994219778039
131,New Zealand pred.csv,2004-10-01,4.112835867806639
132,New Zealand pred.csv,2004-11-01,4.114735014412081
133,New Zealand pred.csv,2004-12-01,4.114731144575218
134,New Zealand pred.csv,2005-01-01,4.127105784750433
135,New Zealand pred.csv,2005-02-01,4.127024932487323
136,New Zealand pred.csv,2005-03-01,4.127004383272128
137,New Zealand pred.csv,2005-04-01,4.1381058690117785
138,New Zealand pred.csv,2005-05-01,4.134221670816736
139,New Zealand pred.csv,2005-06-01,4.134174962180088
140,New Zealand pred.csv,2005-07-01,4.140746280787712
141,New Zealand pred.csv,2005-08-01,4.146231312481953
142,New Zealand pred.csv,2005-09-01,4.146252622981695
143,New Zealand pred.csv,2005-10-01,4.157104153854437
144,New Zealand pred.csv,2005-11-01,4.161440091262242
145,New Zealand pred.csv,2005-12-01,4.161455387146457
146,New Zealand pred.csv,2006-01-01,4.17510443297349
147,New Zealand pred.csv,2006-02-01,4.176589811721823
148,New Zealand pred.csv,2006-03-01,4.176580408253055
149,New Zealand pred.csv,2006-04-01,4.19021702448573
150,New Zealand pred.csv,2006-05-01,4.184982914488125
151,New Zealand pred.csv,2006-06-01,4.184924371651139
152,New Zealand pred.csv,2006-07-01,4.192573815534555
153,New Zealand pred.csv,2006-08-01,4.19583412553075
154,New Zealand pred.csv,2006-09-01,4.195836998257131
155,New Zealand pred.csv,2006-10-01,4.2056855099740345
156,New Zealand pred.csv,2006-11-01,4.209501991222923
157,New Zealand pred.csv,2006-12-01,4.209512977007141
158,New Zealand pred.csv,2007-01-01,4.2218047530045455
159,New Zealand pred.csv,2007-02-01,4.219785253987946
160,New Zealand pred.csv,2007-03-01,4.219753433181416
161,New Zealand pred.csv,2007-04-01,4.229042445543066
162,New Zealand pred.csv,2007-05-01,4.224043726053758
163,New Zealand pred.csv,2007-06-01,4.2239908130369495
164,New Zealand pred.csv,2007-07-01,4.227939147767508
165,New Zealand pred.csv,2007-08-01,4.234562100028613
166,New Zealand pred.csv,2007-09-01,4.234594555967235
167,New Zealand pred.csv,2007-10-01,4.244096594788129
168,New Zealand pred.csv,2007-11-01,4.246050440774414
169,New Zealand pred.csv,2007-12-01,4.24605295428305
170,New Zealand pred.csv,2008-01-01,4.256352985506705
171,New Zealand pred.csv,2008-02-01,4.255946374417236
172,New Zealand pred.csv,2008-03-01,4.2559276711050655
173,New Zealand pred.csv,2008-04-01,4.264861924434864
174,New Zealand pred.csv,2008-05-01,4.260030713056088
175,New Zealand pred.csv,2008-06-01,4.2599811661872975
176,New Zealand pred.csv,2008-07-01,4.263750514772295
177,New Zealand pred.csv,2008-08-01,4.269846118599824
178,New Zealand pred.csv,2008-09-01,4.26987566968323
179,New Zealand pred.csv,2008-10-01,4.278743866288402
180,New Zealand pred.csv,2008-11-01,4.2806282975859
181,New Zealand pred.csv,2008-12-01,4.2806309671820335
182,New Zealand pred.csv,2009-01-01,4.29029869656539
183,New Zealand pred.csv,2009-02-01,4.293892072462705
184,New Zealand pred.csv,2009-03-01,4.293901789042385
185,New Zealand pred.csv,2009-04-01,4.305831566108513
186,New Zealand pred.csv,2009-05-01,4.302958775201181
187,New Zealand pred.csv,2009-06-01,4.302921518638838
188,New Zealand pred.csv,2009-07-01,4.311123714867503
189,New Zealand pred.csv,2009-08-01,4.317703184485984
190,New Zealand pred.csv,2009-09-01,4.317730617850558
191,New Zealand pred.csv,2009-10-01,4.331024411467782
192,New Zealand pred.csv,2009-11-01,4.332575334479329
193,New Zealand pred.csv,2009-12-01,4.33256847542043
194,New Zealand pred.csv,2010-01-01,4.345935351924046
195,New Zealand pred.csv,2010-02-01,4.346165098191749
196,New Zealand pred.csv,2010-03-01,4.346144734682095
197,New Zealand pred.csv,2010-04-01,4.358420734597978
198,New Zealand pred.csv,2010-05-01,4.351002366377609
199,New Zealand pred.csv,2010-06-01,4.3509296176738985
200,New Zealand pred.csv,2010-07-01,4.355410010713649
201,New Zealand pred.csv,2010-08-01,4.363002248381178
202,New Zealand pred.csv,2010-09-01,4.363037996890751
203,New Zealand pred.csv,2010-10-01,4.373896793484406
204,New Zealand pred.csv,2010-11-01,4.374269476420635
205,New Zealand pred.csv,2010-12-01,4.374259435452766
206,New Zealand pred.csv,2011-01-01,4.3843724687054095
207,New Zealand pred.csv,2011-02-01,4.382824183370808
208,New Zealand pred.csv,2011-03-01,4.382796365183369
209,New Zealand pred.csv,2011-04-01,4.390551610860615
210,New Zealand pred.csv,2011-05-01,4.384166525100071
211,New Zealand pred.csv,2011-06-01,4.384107038205145
212,New Zealand pred.csv,2011-07-01,4.385432203114104
213,New Zealand pred.csv,2011-08-01,4.392175825742211
214,New Zealand pred.csv,2011-09-01,4.392212411602412
215,New Zealand pred.csv,2011-10-01,4.39945802735738
216,New Zealand pred.csv,2011-11-01,4.399641901985732
217,New Zealand pred.csv,2011-12-01,4.399636368785304
218,New Zealand pred.csv,2012-01-01,4.406318748394928
219,New Zealand pred.csv,2012-02-01,4.406738235770103
220,New Zealand pred.csv,2012-03-01,4.4067298764465495
221,New Zealand pred.csv,2012-04-01,4.4131398136835855
222,New Zealand pred.csv,2012-05-01,4.408239937022532
223,New Zealand pred.csv,2012-06-01,4.408195207260116
224,New Zealand pred.csv,2012-07-01,4.409618138539473
225,New Zealand pred.csv,2012-08-01,4.415765015670419
226,New Zealand pred.csv,2012-09-01,4.415799225975107
227,New Zealand pred.csv,2012-10-01,4.422591945987988
228,New Zealand pred.csv,2012-11-01,4.426184495083294
229,New Zealand pred.csv,2012-12-01,4.426202727710968
230,New Zealand pred.csv,2013-01-01,4.43551692874391
231,New Zealand pred.csv,2013-02-01,4.436328677859254
232,New Zealand pred.csv,2013-03-01,4.436321863812259
233,New Zealand pred.csv,2013-04-01,4.445442780355025
234,New Zealand pred.csv,2013-05-01,4.442363368734779
235,New Zealand pred.csv,2013-06-01,4.442327033021636
236,New Zealand pred.csv,2013-07-01,4.447819490986907
237,New Zealand pred.csv,2013-08-01,4.458275197206596
238,New Zealand pred.csv,2013-09-01,4.458333574005434
239,New Zealand pred.csv,2013-10-01,4.472636680072589
240,New Zealand pred.csv,2013-11-01,4.477965127455871
241,New Zealand pred.csv,2013-12-01,4.477986471217359
242,New Zealand pred.csv,2014-01-01,4.4956135229973855
243,New Zealand pred.csv,2014-02-01,4.50180418803372
244,New Zealand pred.csv,2014-03-01,4.501821514612404
245,New Zealand pred.csv,2014-04-01,4.523240827137454
246,New Zealand pred.csv,2014-05-01,4.517128091286893
247,New Zealand pred.csv,2014-06-01,4.517054642824968
248,New Zealand pred.csv,2014-07-01,4.530930049502178
249,New Zealand pred.csv,2014-08-01,4.540966503625988
250,New Zealand pred.csv,2014-09-01,4.541004099598705
251,New Zealand pred.csv,2014-10-01,4.562523952460531
252,New Zealand pred.csv,2014-11-01,4.565173708030216
253,New Zealand pred.csv,2014-12-01,4.565162696042602
254,New Zealand pred.csv,2015-01-01,4.586929107813839
255,New Zealand pred.csv,2015-02-01,4.592749173024469
256,New Zealand pred.csv,2015-03-01,4.592753342891835
257,New Zealand pred.csv,2015-04-01,4.617598956603216
258,New Zealand pred.csv,2015-05-01,4.610126551707186
259,New Zealand pred.csv,2015-06-01,4.6100367231952575
260,New Zealand pred.csv,2015-07-01,4.625801028015014
261,New Zealand pred.csv,2015-08-01,4.63705652771771
262,New Zealand pred.csv,2015-09-01,4.6370974257360285
263,New Zealand pred.csv,2015-10-01,4.66141948202794
264,New Zealand pred.csv,2015-11-01,4.66457765521182
265,New Zealand pred.csv,2015-12-01,4.664566127020402
266,New Zealand pred.csv,2016-01-01,4.689313500853763
267,New Zealand pred.csv,2016-02-01,4.695965786294064
268,New Zealand pred.csv,2016-03-01,4.695970893510415
269,New Zealand pred.csv,2016-04-01,4.724249901041385
270,New Zealand pred.csv,2016-05-01,4.714912818052644
271,New Zealand pred.csv,2016-06-01,4.714804921458604
272,New Zealand pred.csv,2016-07-01,4.732005574665092
273,New Zealand pred.csv,2016-08-01,4.74198946009576
274,New Zealand pred.csv,2016-09-01,4.742017096727533
275,New Zealand pred.csv,2016-10-01,4.766513159528454
276,New Zealand pred.csv,2016-11-01,4.768467008951283
277,New Zealand pred.csv,2016-12-01,4.768445278214695
278,New Zealand pred.csv,2017-01-01,4.792284117208011
279,New Zealand pred.csv,2017-02-01,4.797615118020242
280,New Zealand pred.csv,2017-03-01,4.797611314728054
281,New Zealand pred.csv,2017-04-01,4.82389835695084
282,New Zealand pred.csv,2017-05-01,4.814343168981741
283,New Zealand pred.csv,2017-06-01,4.814235790862946
284,New Zealand pred.csv,2017-07-01,4.829449223761802
285,New Zealand pred.csv,2017-08-01,4.836979647488357
286,New Zealand pred.csv,2017-09-01,4.836993673707576
287,New Zealand pred.csv,2017-10-01,4.857507924818324
288,New Zealand pred.csv,2017-11-01,4.860247218550729
289,New Zealand pred.csv,2017-12-01,4.860235423487502
290,New Zealand pred.csv,2018-01-01,4.881188380686938
291,New Zealand pred.csv,2018-02-01,4.886919945956738
292,New Zealand pred.csv,2018-03-01,4.886924692684802
293,New Zealand pred.csv,2018-04-01,4.910957536192784
294,New Zealand pred.csv,2018-05-01,4.901260946839996
295,New Zealand pred.csv,2018-06-01,4.901157234804487
296,New Zealand pred.csv,2018-07-01,4.914204351273049
297,New Zealand pred.csv,2018-08-01,4.921907095057952
298,New Zealand pred.csv,2018-09-01,4.921926180283605
299,New Zealand pred.csv,2018-10-01,4.940636176154945
300,New Zealand pred.csv,2018-11-01,4.941858221602825
301,New Zealand pred.csv,2018-12-01,4.941839515999916
302,New Zealand pred.csv,2019-01-01,4.959807773735323
303,New Zealand pred.csv,2019-02-01,4.966027541595393
304,New Zealand pred.csv,2019-03-01,4.96603946344788
305,New Zealand pred.csv,2019-04-01,4.987817416344492
306,New Zealand pred.csv,2019-05-01,4.979809959347715
307,New Zealand pred.csv,2019-06-01,4.979722281345023
308,New Zealand pred.csv,2019-07-01,4.99223542637662
309,New Zealand pred.csv,2019-08-01,5.007613753321585
310,New Zealand pred.csv,2019-09-01,5.0076882931185205
311,New Zealand pred.csv,2019-10-01,5.032749999596621
312,New Zealand pred.csv,2019-11-01,5.041386112884852
313,New Zealand pred.csv,2019-12-01,5.041415203276921
314,New Zealand pred.csv,2020-01-01,5.071693761219184
315,New Zealand pred.csv,2020-02-01,5.084040605112357
316,New Zealand pred.csv,2020-03-01,5.084081144762607
317,New Zealand pred.csv,2020-04-01,5.122405729326441
318,New Zealand pred.csv,2020-05-01,5.090975501828208
319,New Zealand pred.csv,2020-06-01,5.090704895236009
320,New Zealand pred.csv,2020-07-01,5.097253880471419
321,New Zealand pred.csv,2020-08-01,5.099030258321517
322,New Zealand pred.csv,2020-09-01,5.098997873192177
323,New Zealand pred.csv,2020-10-01,5.106660480565976
324,New Zealand pred.csv,2020-11-01,5.10392619080641
325,New Zealand pred.csv,2020-12-01,5.103891283412651
326,New Zealand pred.csv,2021-01-01,5.108390719547695
327,New Zealand pred.csv,2021-02-01,5.10805871869683
328,New Zealand pred.csv,2021-03-01,5.108044936060855
329,New Zealand pred.csv,2021-04-01,5.111832282481938
330,New Zealand pred.csv,2021-05-01,5.111427141055725
331,New Zealand pred.csv,2021-06-01,5.111416652084372
332,New Zealand pred.csv,2021-07-01,5.11448293555016
333,New Zealand pred.csv,2021-08-01,5.115119010182423
334,New Zealand pred.csv,2021-09-01,5.115117207707693
335,New Zealand pred.csv,2021-10-01,5.118458882694799
336,New Zealand pred.csv,2021-11-01,5.116583699460212
337,New Zealand pred.csv,2021-12-01,5.116565357392432
338,New Zealand pred.csv,2022-01-01,5.117911227844229
339,New Zealand pred.csv,2022-02-01,5.1149005666300695
340,New Zealand pred.csv,2022-03-01,5.114875499183441
341,New Zealand pred.csv,2022-04-01,5.1134174434619055
342,New Zealand pred.csv,2022-05-01,5.117221025394583
343,New Zealand pred.csv,2022-06-01,5.117246210552285
344,New Zealand pred.csv,2022-07-01,5.119336705899315
345,New Zealand pred.csv,2022-08-01,5.1304523195608605
346,New Zealand pred.csv,2022-09-01,5.13052836215773
347,New Zealand pred.csv,2022-10-01,5.142310836727465
348,New Zealand pred.csv,2022-11-01,5.157744039307572
349,New Zealand pred.csv,2022-12-01,5.157840817560548
350,New Zealand pred.csv,2023-01-01,5.182190994777319
351,New Zealand pred.csv,2023-02-01,5.199298365187879
352,New Zealand pred.csv,2023-03-01,5.199389425968626
353,New Zealand pred.csv,2023-04-01,5.236565013842597
354,New Zealand pred.csv,2023-05-01,5.224142578392287
355,New Zealand pred.csv,2023-06-01,5.22401039417004
356,New Zealand pred.csv,2023-07-01,5.246438548200612
357,New Zealand pred.csv,2023-08-01,5.223520884839489
358,New Zealand pred.csv,2023-09-01,5.22331180424563
359,New Zealand pred.csv,2023-10-01,5.2232065874421165
360,Norway pred.csv,1993-11-01,0.0
361,Norway pred.csv,1993-12-01,1.0650171542776779e-10
362,Norway pred.csv,1994-01-01,1.5965699335541339e-10
363,Norway pred.csv,1994-02-01,1.6029236201774435e-10
364,Norway pred.csv,1994-03-01,1.6060947613903687e-10
365,Norway pred.csv,1994-04-01,1.6060947613902219e-10
366,Norway pred.csv,1994-05-01,1.6060947613901963e-10
367,Norway pred.csv,1994-06-01,1.6060947613901968e-10
368,Norway pred.csv,1994-07-01,1.6060947613901958e-10
369,Norway pred.csv,1994-08-01,1.6060947613901947e-10
370,Norway pred.csv,1994-09-01,1.6221918638181615e-10
371,Norway pred.csv,1994-10-01,1.6544439578464852e-10
372,Norway pred.csv,1994-11-01,6.448750500332622
373,Norway pred.csv,1994-12-01,6.448750500011226
374,Norway pred.csv,1995-01-01,6.487222499851154
375,Norway pred.csv,1995-02-01,6.487222499849602
376,Norway pred.csv,1995-03-01,6.487222499848829
377,Norway pred.csv,1995-04-01,6.487222499848829
378,Norway pred.csv,1995-05-01,6.487222499848829
379,Norway pred.csv,1995-06-01,6.487222499848829
380,Norway pred.csv,1995-07-01,6.487222499848829
381,Norway pred.csv,1995-08-01,6.487222499848829
382,Norway pred.csv,1995-09-01,6.487222499764656
383,Norway pred.csv,1995-10-01,6.487222499596007
384,Norway pred.csv,1995-11-01,4.35046299966246
385,Norway pred.csv,1995-12-01,4.349094890484815
386,Norway pred.csv,1996-01-01,4.370774237673713
387,Norway pred.csv,1996-02-01,4.370983603934206
388,Norway pred.csv,1996-03-01,4.370643737891014
389,Norway pred.csv,1996-04-01,4.370725860151386
390,Norway pred.csv,1996-05-01,4.370837091083798
391,Norway pred.csv,1996-06-01,4.37064435969409
392,Norway pred.csv,1996-07-01,4.370704024364788
393,Norway pred.csv,1996-08-01,4.370778698102004
394,Norway pred.csv,1996-09-01,4.370624630888116
395,Norway pred.csv,1996-10-01,4.370667091087359
396,Norway pred.csv,1996-11-01,4.370717922636988
397,Norway pred.csv,1996-12-01,4.37062546623557
398,Norway pred.csv,1997-01-01,4.39016362693581
399,Norway pred.csv,1997-02-01,4.3932497537689565
400,Norway pred.csv,1997-03-01,4.393186279001793
401,Norway pred.csv,1997-04-01,4.3905258120608615
402,Norway pred.csv,1997-05-01,4.393091900913614
403,Norway pred.csv,1997-06-01,4.393043622926675
404,Norway pred.csv,1997-07-01,4.390793725997349
405,Norway pred.csv,1997-08-01,4.392973677284968
406,Norway pred.csv,1997-09-01,4.392990617537904
407,Norway pred.csv,1997-10-01,4.391281775160974
408,Norway pred.csv,1997-11-01,4.39293876787551
409,Norway pred.csv,1997-12-01,4.392890588787345
410,Norway pred.csv,1998-01-01,4.415550382549002
411,Norway pred.csv,1998-02-01,4.417695760704972
412,Norway pred.csv,1998-03-01,4.417658865983796
413,Norway pred.csv,1998-04-01,4.415772753187127
414,Norway pred.csv,1998-05-01,4.417599280782052
415,Norway pred.csv,1998-06-01,4.417568676172268
416,Norway pred.csv,1998-07-01,4.4159453193792615
417,Norway pred.csv,1998-08-01,4.417523590762013
418,Norway pred.csv,1998-09-01,4.417480579920996
419,Norway pred.csv,1998-10-01,4.415225950155979
420,Norway pred.csv,1998-11-01,4.417418874286281
421,Norway pred.csv,1998-12-01,4.417405222069929
422,Norway pred.csv,1999-01-01,4.4418094802699954
423,Norway pred.csv,1999-02-01,4.445044718160163
424,Norway pred.csv,1999-03-01,4.4450246609549655
425,Norway pred.csv,1999-04-01,4.442014312878225
426,Norway pred.csv,1999-05-01,4.444950489653967
427,Norway pred.csv,1999-06-01,4.444925266743778
428,Norway pred.csv,1999-07-01,4.44219909796742
429,Norway pred.csv,1999-08-01,4.444865104389689
430,Norway pred.csv,1999-09-01,4.444839431381063
431,Norway pred.csv,1999-10-01,4.442419171396522
432,Norway pred.csv,1999-11-01,4.444794694624751
433,Norway pred.csv,1999-12-01,4.444761029464986
434,Norway pred.csv,2000-01-01,4.474750142270986
435,Norway pred.csv,2000-02-01,4.477864241212312
436,Norway pred.csv,2000-03-01,4.477826026863316
437,Norway pred.csv,2000-04-01,4.474942438332925
438,Norway pred.csv,2000-05-01,4.477774605605389
439,Norway pred.csv,2000-06-01,4.477732938919431
440,Norway pred.csv,2000-07-01,4.4751168584282
441,Norway pred.csv,2000-08-01,4.477692965307418
442,Norway pred.csv,2000-09-01,4.477648595658253
443,Norway pred.csv,2000-10-01,4.475272899842106
444,Norway pred.csv,2000-11-01,4.477618241383738
445,Norway pred.csv,2000-12-01,4.477572395873521
446,Norway pred.csv,2001-01-01,4.514664955082703
447,Norway pred.csv,2001-02-01,4.502921179686217
448,Norway pred.csv,2001-03-01,4.502908749740583
449,Norway pred.csv,2001-04-01,4.513938192129262
450,Norway pred.csv,2001-05-01,4.503253240458906
451,Norway pred.csv,2001-06-01,4.5032685158773695
452,Norway pred.csv,2001-07-01,4.513277760864822
453,Norway pred.csv,2001-08-01,4.503556228612951
454,Norway pred.csv,2001-09-01,4.503594259633271
455,Norway pred.csv,2001-10-01,4.512677708577786
456,Norway pred.csv,2001-11-01,4.503832696315955
457,Norway pred.csv,2001-12-01,4.503889182564217
458,Norway pred.csv,2002-01-01,4.526555653356331
459,Norway pred.csv,2002-02-01,4.524527630463421
460,Norway pred.csv,2002-03-01,4.524583955605554
461,Norway pred.csv,2002-04-01,4.526431917015337
462,Norway pred.csv,2002-05-01,4.5245868777821725
463,Norway pred.csv,2002-06-01,4.524642579192514
464,Norway pred.csv,2002-07-01,4.526319479648908
465,Norway pred.csv,2002-08-01,4.524640924631751
466,Norway pred.csv,2002-09-01,4.524695646561007
467,Norway pred.csv,2002-10-01,4.526217303853862
468,Norway pred.csv,2002-11-01,4.52469022680915
469,Norway pred.csv,2002-12-01,4.524743683183599
470,Norway pred.csv,2003-01-01,4.547415821203824
471,Norway pred.csv,2003-02-01,4.552713152513148
472,Norway pred.csv,2003-03-01,4.55274848262345
473,Norway pred.csv,2003-04-01,4.547744541508465
474,Norway pred.csv,2003-05-01,4.552564336458996
475,Norway pred.csv,2003-06-01,4.552584419842875
476,Norway pred.csv,2003-07-01,4.54804326485395
477,Norway pred.csv,2003-08-01,4.552428542586547
478,Norway pred.csv,2003-09-01,4.552435870155702
479,Norway pred.csv,2003-10-01,4.548314725746832
480,Norway pred.csv,2003-11-01,4.552304635148682
481,Norway pred.csv,2003-12-01,4.552301368344684
482,Norway pred.csv,2004-01-01,4.5779972917013865
483,Norway pred.csv,2004-02-01,4.577524242084893
484,Norway pred.csv,2004-03-01,4.577522464792383
485,Norway pred.csv,2004-04-01,4.577967977569412
486,Norway pred.csv,2004-05-01,4.577537576791591
487,Norway pred.csv,2004-06-01,4.577537033417503
488,Norway pred.csv,2004-07-01,4.577941338693439
489,Norway pred.csv,2004-08-01,4.57754974428134
490,Norway pred.csv,2004-09-01,4.577550223757188
491,Norway pred.csv,2004-10-01,4.577917132190787
492,Norway pred.csv,2004-11-01,4.577560845825275
493,Norway pred.csv,2004-12-01,4.577562166483001
494,Norway pred.csv,2005-01-01,4.598272753235816
495,Norway pred.csv,2005-02-01,4.606219626013003
496,Norway pred.csv,2005-03-01,4.606201059949171
497,Norway pred.csv,2005-04-01,4.598763728088764
498,Norway pred.csv,2005-05-01,4.605994045369713
499,Norway pred.csv,2005-06-01,4.605959226585479
500,Norway pred.csv,2005-07-01,4.599209891688968
501,Norway pred.csv,2005-08-01,4.605788220730806
502,Norway pred.csv,2005-09-01,4.605740273905253
503,Norway pred.csv,2005-10-01,4.599615329723349
504,Norway pred.csv,2005-11-01,4.605600427247346
505,Norway pred.csv,2005-12-01,4.605542039733563
506,Norway pred.csv,2006-01-01,4.642059397619705
507,Norway pred.csv,2006-02-01,4.639533124082244
508,Norway pred.csv,2006-03-01,4.639486421557304
509,Norway pred.csv,2006-04-01,4.641901729964396
510,Norway pred.csv,2006-05-01,4.639603121785878
511,Norway pred.csv,2006-06-01,4.639566451581124
512,Norway pred.csv,2006-07-01,4.641758446853911
513,Norway pred.csv,2006-08-01,4.639667001162088
514,Norway pred.csv,2006-09-01,4.6396389195368055
515,Norway pred.csv,2006-10-01,4.641628238780379
516,Norway pred.csv,2006-11-01,4.639725294399249
517,Norway pred.csv,2006-12-01,4.639704539776708
518,Norway pred.csv,2007-01-01,4.673219069289606
519,Norway pred.csv,2007-02-01,4.680415690619078
520,Norway pred.csv,2007-03-01,4.680378969234972
521,Norway pred.csv,2007-04-01,4.673663091720719
522,Norway pred.csv,2007-05-01,4.680210757685794
523,Norway pred.csv,2007-06-01,4.680161159545302
524,Norway pred.csv,2007-07-01,4.674066585981894
525,Norway pred.csv,2007-08-01,4.68002377703155
526,Norway pred.csv,2007-09-01,4.679963961764526
527,Norway pred.csv,2007-10-01,4.674433247022147
528,Norway pred.csv,2007-11-01,4.679853181088812
529,Norway pred.csv,2007-12-01,4.679785427555162
530,Norway pred.csv,2008-01-01,4.726548654552724
531,Norway pred.csv,2008-02-01,4.735606141889747
532,Norway pred.csv,2008-03-01,4.735522143702947
533,Norway pred.csv,2008-04-01,4.727106347630475
534,Norway pred.csv,2008-05-01,4.735346988508465
535,Norway pred.csv,2008-06-01,4.735250278382711
536,Norway pred.csv,2008-07-01,4.727613133171027
537,Norway pred.csv,2008-08-01,4.735110545679678
538,Norway pred.csv,2008-09-01,4.735004147034385
539,Norway pred.csv,2008-10-01,4.728073654879175
540,Norway pred.csv,2008-11-01,4.734894828345551
541,Norway pred.csv,2008-12-01,4.734781317458389
542,Norway pred.csv,2009-01-01,4.800890128619389
543,Norway pred.csv,2009-02-01,4.79709035352379
544,Norway pred.csv,2009-03-01,4.7969967852414985
545,Norway pred.csv,2009-04-01,4.800652277154846
546,Norway pred.csv,2009-05-01,4.79719487687664
547,Norway pred.csv,2009-06-01,4.797118555706158
548,Norway pred.csv,2009-07-01,4.800436123036195
549,Norway pred.csv,2009-08-01,4.797290269587986
550,Norway pred.csv,2009-09-01,4.7972288248241135
551,Norway pred.csv,2009-10-01,4.80023969063256
552,Norway pred.csv,2009-11-01,4.797377325680369
553,Norway pred.csv,2009-12-01,4.797328678365991
554,Norway pred.csv,2010-01-01,4.866108251686993
555,Norway pred.csv,2010-02-01,4.856618028195846
556,Norway pred.csv,2010-03-01,4.856597467308803
557,Norway pred.csv,2010-04-01,4.865520636874085
558,Norway pred.csv,2010-05-01,4.856886025440107
559,Norway pred.csv,2010-06-01,4.856888826619301
560,Norway pred.csv,2010-07-01,4.864986648778456
561,Norway pred.csv,2010-08-01,4.857130561709304
562,Norway pred.csv,2010-09-01,4.857152628436781
563,Norway pred.csv,2010-10-01,4.864501397429947
564,Norway pred.csv,2010-11-01,4.857353684926336
565,Norway pred.csv,2010-12-01,4.857391475667697
566,Norway pred.csv,2011-01-01,4.924681196392005
567,Norway pred.csv,2011-02-01,4.919618447391588
568,Norway pred.csv,2011-03-01,4.919665325837617
569,Norway pred.csv,2011-04-01,4.924369468658258
570,Norway pred.csv,2011-05-01,4.919763300103196
571,Norway pred.csv,2011-06-01,4.919817290902312
572,Norway pred.csv,2011-07-01,4.924086196080181
573,Norway pred.csv,2011-08-01,4.91989545890384
574,Norway pred.csv,2011-09-01,4.919954871879932
575,Norway pred.csv,2011-10-01,4.9238287820314
576,Norway pred.csv,2011-11-01,4.920016033885527
577,Norway pred.csv,2011-12-01,4.92007942778823
578,Norway pred.csv,2012-01-01,4.986897724792628
579,Norway pred.csv,2012-02-01,4.985622774393593
580,Norway pred.csv,2012-03-01,4.9856834736315445
581,Norway pred.csv,2012-04-01,4.986820698423623
582,Norway pred.csv,2012-05-01,4.985660845629154
583,Norway pred.csv,2012-06-01,4.985718813373133
584,Norway pred.csv,2012-07-01,4.986750708640309
585,Norway pred.csv,2012-08-01,4.985695569487645
586,Norway pred.csv,2012-09-01,4.985750798362315
587,Norway pred.csv,2012-10-01,4.986687112387805
588,Norway pred.csv,2012-11-01,4.98572723999991
589,Norway pred.csv,2012-12-01,4.985779746222255
590,Norway pred.csv,2013-01-01,5.049708014839202
591,Norway pred.csv,2013-02-01,5.051090925014166
592,Norway pred.csv,2013-03-01,5.051135137729102
593,Norway pred.csv,2013-04-01,5.0497948858670005
594,Norway pred.csv,2013-05-01,5.051053215522724
595,Norway pred.csv,2013-06-01,5.051090211458984
596,Norway pred.csv,2013-07-01,5.0498738334785696
597,Norway pred.csv,2013-08-01,5.051018797731885
598,Norway pred.csv,2013-09-01,5.05104952639725
599,Norway pred.csv,2013-10-01,5.049945579435845
600,Norway pred.csv,2013-11-01,5.050987385395134
601,Norway pred.csv,2013-12-01,5.051012682523536
602,Norway pred.csv,2014-01-01,5.118149487885916
603,Norway pred.csv,2014-02-01,5.10905227512759
604,Norway pred.csv,2014-03-01,5.109097842313517
605,Norway pred.csv,2014-04-01,5.117588176124081
606,Norway pred.csv,2014-05-01,5.109311301794855
607,Norway pred.csv,2014-06-01,5.109373225319152
608,Norway pred.csv,2014-07-01,5.117078097993241
609,Norway pred.csv,2014-08-01,5.10954763774335
610,Norway pred.csv,2014-09-01,5.1096225484693685
611,Norway pred.csv,2014-10-01,5.116614582115007
612,Norway pred.csv,2014-11-01,5.109763264513355
613,Norway pred.csv,2014-12-01,5.109848274854089
614,Norway pred.csv,2015-01-01,5.166024182981006
615,Norway pred.csv,2015-02-01,5.166497318092568
616,Norway pred.csv,2015-03-01,5.16657328989571
617,Norway pred.csv,2015-04-01,5.166055742119884
618,Norway pred.csv,2015-05-01,5.166486398284662
619,Norway pred.csv,2015-06-01,5.166554273124427
620,Norway pred.csv,2015-07-01,5.166084429352575
621,Norway pred.csv,2015-08-01,5.166476417269674
622,Norway pred.csv,2015-09-01,5.166537040967757
623,Norway pred.csv,2015-10-01,5.166110504008933
624,Norway pred.csv,2015-11-01,5.16646729575639
625,Norway pred.csv,2015-12-01,5.166521425345645
626,Norway pred.csv,2016-01-01,5.222599389168098
627,Norway pred.csv,2016-02-01,5.214891885787579
628,Norway pred.csv,2016-03-01,5.21496016468743
629,Norway pred.csv,2016-04-01,5.222124720052522
630,Norway pred.csv,2016-05-01,5.215112309891415
631,Norway pred.csv,2016-06-01,5.215191701797213
632,Norway pred.csv,2016-07-01,5.22169337959798
633,Norway pred.csv,2016-08-01,5.215313418098447
634,Norway pred.csv,2016-09-01,5.215401322299647
635,Norway pred.csv,2016-10-01,5.221301416822465
636,Norway pred.csv,2016-11-01,5.21549689791728
637,Norway pred.csv,2016-12-01,5.215591098183429
638,Norway pred.csv,2017-01-01,5.254132387873401
639,Norway pred.csv,2017-02-01,5.259659980443409
640,Norway pred.csv,2017-03-01,5.259731729919491
641,Norway pred.csv,2017-04-01,5.254476450768827
642,Norway pred.csv,2017-05-01,5.259505831777369
643,Norway pred.csv,2017-06-01,5.259558445265895
644,Norway pred.csv,2017-07-01,5.254789120431597
645,Norway pred.csv,2017-08-01,5.259365163917106
646,Norway pred.csv,2017-09-01,5.259401539353756
647,Norway pred.csv,2017-10-01,5.255073256916069
648,Norway pred.csv,2017-11-01,5.259236802524884
649,Norway pred.csv,2017-12-01,5.2592594652929305
650,Norway pred.csv,2018-01-01,5.301824971161606
651,Norway pred.csv,2018-02-01,5.296699038877457
652,Norway pred.csv,2018-03-01,5.296732345116655
653,Norway pred.csv,2018-04-01,5.301508922596073
654,Norway pred.csv,2018-05-01,5.296845239764827
655,Norway pred.csv,2018-06-01,5.296887056154336
656,Norway pred.csv,2018-07-01,5.301221722238172
657,Norway pred.csv,2018-08-01,5.296978631684215
658,Norway pred.csv,2018-09-01,5.297027124694623
659,Norway pred.csv,2018-10-01,5.300960740656137
660,Norway pred.csv,2018-11-01,5.29710033284348
661,Norway pred.csv,2018-12-01,5.297153935288777
662,Norway pred.csv,2019-01-01,5.32535622269011
663,Norway pred.csv,2019-02-01,5.329564151537772
664,Norway pred.csv,2019-03-01,5.329602338012633
665,Norway pred.csv,2019-04-01,5.325617647611463
666,Norway pred.csv,2019-05-01,5.329446269045677
667,Norway pred.csv,2019-06-01,5.329471408154389
668,Norway pred.csv,2019-07-01,5.325855217594174
669,Norway pred.csv,2019-08-01,5.329338699583416
670,Norway pred.csv,2019-09-01,5.329352856846627
671,Norway pred.csv,2019-10-01,5.326071106182518
672,Norway pred.csv,2019-11-01,5.329240544338361
673,Norway pred.csv,2019-12-01,5.329245514753432
674,Norway pred.csv,2020-01-01,5.357864646204435
675,Norway pred.csv,2020-02-01,5.368284489806837
676,Norway pred.csv,2020-03-01,5.368263103179602
677,Norway pred.csv,2020-04-01,5.358508494589104
678,Norway pred.csv,2020-05-01,5.367988808164811
679,Norway pred.csv,2020-06-01,5.367945837468667
680,Norway pred.csv,2020-07-01,5.359093579372039
681,Norway pred.csv,2020-08-01,5.367719021144973
682,Norway pred.csv,2020-09-01,5.36765858828161
683,Norway pred.csv,2020-10-01,5.359625259348334
684,Norway pred.csv,2020-11-01,5.367472867437658
685,Norway pred.csv,2020-12-01,5.367398519657681
686,Norway pred.csv,2021-01-01,5.405687179112481
687,Norway pred.csv,2021-02-01,5.391694818198922
688,Norway pred.csv,2021-03-01,5.391662122969177
689,Norway pred.csv,2021-04-01,5.404820726046056
690,Norway pred.csv,2021-05-01,5.392089876947738
691,Norway pred.csv,2021-06-01,5.392091846321244
692,Norway pred.csv,2021-07-01,5.40403334692398
693,Norway pred.csv,2021-08-01,5.392450351936756
694,Norway pred.csv,2021-09-01,5.392480924372926
695,Norway pred.csv,2021-10-01,5.403317834513095
696,Norway pred.csv,2021-11-01,5.392779260191437
697,Norway pred.csv,2021-12-01,5.392833197650103
698,Norway pred.csv,2022-01-01,5.406244640024656
699,Norway pred.csv,2022-02-01,5.426065292678973
700,Norway pred.csv,2022-03-01,5.426064980100793
701,Norway pred.csv,2022-04-01,5.407470593090324
702,Norway pred.csv,2022-05-01,5.4255041591958415
703,Norway pred.csv,2022-06-01,5.4254590559734766
704,Norway pred.csv,2022-07-01,5.4085846584362365
705,Norway pred.csv,2022-08-01,5.424992158504193
706,Norway pred.csv,2022-09-01,5.42491045232086
707,Norway pred.csv,2022-10-01,5.409597034595864
708,Norway pred.csv,2022-11-01,5.424525003309281
709,Norway pred.csv,2022-12-01,5.424413752170062
710,Norway pred.csv,2023-01-01,5.4693458306670735
711,Norway pred.csv,2023-02-01,5.487665353347023
712,Norway pred.csv,2023-03-01,5.48751886078065
713,Norway pred.csv,2023-04-01,5.470474516324084
714,Norway pred.csv,2023-05-01,5.487141957243033
715,Norway pred.csv,2023-06-01,5.486967588967247
716,Norway pred.csv,2023-07-01,5.471500175610228
717,Norway pred.csv,2023-08-01,5.486664422888431
718,Norway pred.csv,2023-09-01,5.486468493670171
719,Norway pred.csv,2023-10-01,5.472432207265928
720,Argentina pred.csv,1993-11-01,0.0
721,Argentina pred.csv,1993-12-01,1.3951517639615974e-09
722,Argentina pred.csv,1994-01-01,2.62868405204878e-09
723,Argentina pred.csv,1994-02-01,3.727846122693083e-09
724,Argentina pred.csv,1994-03-01,4.6809982222847835e-09
725,Argentina pred.csv,1994-04-01,5.4954181155607784e-09
726,Argentina pred.csv,1994-05-01,6.177324281589637e-09
727,Argentina pred.csv,1994-06-01,6.731923394785328e-09
728,Argentina pred.csv,1994-07-01,7.163450080316267e-09
729,Argentina pred.csv,1994-08-01,7.475199247461023e-09
730,Argentina pred.csv,1994-09-01,7.669551247791057e-09
731,Argentina pred.csv,1994-10-01,7.747990050274975e-09
732,Argentina pred.csv,1994-11-01,51.61076551235892
733,Argentina pred.csv,1994-12-01,51.61076550814207
734,Argentina pred.csv,1995-01-01,52.27037400423082
735,Argentina pred.csv,1995-02-01,52.27037400054692
736,Argentina pred.csv,1995-03-01,52.27037399711418
737,Argentina pred.csv,1995-04-01,52.27037399390633
738,Argentina pred.csv,1995-05-01,52.27037399089891
739,Argentina pred.csv,1995-06-01,52.27037398806898
740,Argentina pred.csv,1995-07-01,52.27037398539489
741,Argentina pred.csv,1995-08-01,52.27037398285623
742,Argentina pred.csv,1995-09-01,52.27037398043364
743,Argentina pred.csv,1995-10-01,52.270373978108594
744,Argentina pred.csv,1995-11-01,35.28665498483838
745,Argentina pred.csv,1995-12-01,35.275212223717624
746,Argentina pred.csv,1996-01-01,35.689446797103685
747,Argentina pred.csv,1996-02-01,35.68474586274307
748,Argentina pred.csv,1996-03-01,35.68491508505286
749,Argentina pred.csv,1996-04-01,35.68496735042407
750,Argentina pred.csv,1996-05-01,35.685030629885404
751,Argentina pred.csv,1996-06-01,35.68510316045622
752,Argentina pred.csv,1996-07-01,35.68518684434017
753,Argentina pred.csv,1996-08-01,35.68528397883999
754,Argentina pred.csv,1996-09-01,35.68539750979787
755,Argentina pred.csv,1996-10-01,35.68553127236968
756,Argentina pred.csv,1996-11-01,35.6856771657973
757,Argentina pred.csv,1996-12-01,35.685334693621144
758,Argentina pred.csv,1997-01-01,36.077658693915794
759,Argentina pred.csv,1997-02-01,36.10287987344024
760,Argentina pred.csv,1997-03-01,36.10229840748013
761,Argentina pred.csv,1997-04-01,36.10237838735419
762,Argentina pred.csv,1997-05-01,36.10244912247739
763,Argentina pred.csv,1997-06-01,36.10252908485152
764,Argentina pred.csv,1997-07-01,36.102619751685246
765,Argentina pred.csv,1997-08-01,36.10272376126767
766,Argentina pred.csv,1997-09-01,36.102844839896186
767,Argentina pred.csv,1997-10-01,36.10298846289725
768,Argentina pred.csv,1997-11-01,36.10314012169994
769,Argentina pred.csv,1997-12-01,36.10237996745922
770,Argentina pred.csv,1998-01-01,36.52626042845067
771,Argentina pred.csv,1998-02-01,36.51862643000999
772,Argentina pred.csv,1998-03-01,36.51882370172335
773,Argentina pred.csv,1998-04-01,36.51882212315107
774,Argentina pred.csv,1998-05-01,36.518825925389294
775,Argentina pred.csv,1998-06-01,36.51882994658219
776,Argentina pred.csv,1998-07-01,36.518834352929176
777,Argentina pred.csv,1998-08-01,36.51883917882893
778,Argentina pred.csv,1998-09-01,36.51884446616063
779,Argentina pred.csv,1998-10-01,36.51885026128932
780,Argentina pred.csv,1998-11-01,36.51885678448486
781,Argentina pred.csv,1998-12-01,36.5188695844537
782,Argentina pred.csv,1999-01-01,36.91972498969998
783,Argentina pred.csv,1999-02-01,36.92411488334147
784,Argentina pred.csv,1999-03-01,36.92401372077755
785,Argentina pred.csv,1999-04-01,36.92402772533459
786,Argentina pred.csv,1999-05-01,36.92403992466929
787,Argentina pred.csv,1999-06-01,36.92405341200646
788,Argentina pred.csv,1999-07-01,36.9240682440495
789,Argentina pred.csv,1999-08-01,36.92408457238642
790,Argentina pred.csv,1999-09-01,36.924102566926365
791,Argentina pred.csv,1999-10-01,36.92412242164213
792,Argentina pred.csv,1999-11-01,36.92414043543527
793,Argentina pred.csv,1999-12-01,36.92402139517194
794,Argentina pred.csv,2000-01-01,37.32934393755312
795,Argentina pred.csv,2000-02-01,37.335857563513336
796,Argentina pred.csv,2000-03-01,37.33569301768421
797,Argentina pred.csv,2000-04-01,37.33569844964806
798,Argentina pred.csv,2000-05-01,37.33569967168469
799,Argentina pred.csv,2000-06-01,37.3357011250294
800,Argentina pred.csv,2000-07-01,37.33570270806407
801,Argentina pred.csv,2000-08-01,37.3357044357684
802,Argentina pred.csv,2000-09-01,37.33570632129265
803,Argentina pred.csv,2000-10-01,37.335708379084586
804,Argentina pred.csv,2000-11-01,37.33571049560233
805,Argentina pred.csv,2000-12-01,37.3357081542416
806,Argentina pred.csv,2001-01-01,37.75111827081789
807,Argentina pred.csv,2001-02-01,37.73992060190978
808,Argentina pred.csv,2001-03-01,37.740207709078426
809,Argentina pred.csv,2001-04-01,37.74020290423944
810,Argentina pred.csv,2001-05-01,37.740205758195074
811,Argentina pred.csv,2001-06-01,37.74020867356487
812,Argentina pred.csv,2001-07-01,37.74021186832735
813,Argentina pred.csv,2001-08-01,37.74021536419555
814,Argentina pred.csv,2001-09-01,37.74021919068375
815,Argentina pred.csv,2001-10-01,37.740223380254015
816,Argentina pred.csv,2001-11-01,37.740227164692186
817,Argentina pred.csv,2001-12-01,37.74020260844249
818,Argentina pred.csv,2002-01-01,38.13081890012338
819,Argentina pred.csv,2002-02-01,38.132860629951374
820,Argentina pred.csv,2002-03-01,38.13280904624708
821,Argentina pred.csv,2002-04-01,38.13281074012292
822,Argentina pred.csv,2002-05-01,38.13281111378937
823,Argentina pred.csv,2002-06-01,38.132811559208925
824,Argentina pred.csv,2002-07-01,38.13281204448504
825,Argentina pred.csv,2002-08-01,38.1328125742636
826,Argentina pred.csv,2002-09-01,38.13281315261669
827,Argentina pred.csv,2002-10-01,38.13281378402274
828,Argentina pred.csv,2002-11-01,38.132814409779385
829,Argentina pred.csv,2002-12-01,38.13281281672881
830,Argentina pred.csv,2003-01-01,38.52481271358191
831,Argentina pred.csv,2003-02-01,38.52992476900565
832,Argentina pred.csv,2003-03-01,38.52979524603274
833,Argentina pred.csv,2003-04-01,38.5297990848708
834,Argentina pred.csv,2003-05-01,38.52979958151917
835,Argentina pred.csv,2003-06-01,38.52980021742263
836,Argentina pred.csv,2003-07-01,38.52980090898464
837,Argentina pred.csv,2003-08-01,38.52980166373542
838,Argentina pred.csv,2003-09-01,38.52980248738066
839,Argentina pred.csv,2003-10-01,38.52980338621403
840,Argentina pred.csv,2003-11-01,38.52980419771283
841,Argentina pred.csv,2003-12-01,38.52979905552417
842,Argentina pred.csv,2004-01-01,38.9272883117097
843,Argentina pred.csv,2004-02-01,38.9446746856411
844,Argentina pred.csv,2004-03-01,38.94423255751087
845,Argentina pred.csv,2004-04-01,38.94424390471966
846,Argentina pred.csv,2004-05-01,38.94424372695664
847,Argentina pred.csv,2004-06-01,38.94424385244773
848,Argentina pred.csv,2004-07-01,38.944243981266446
849,Argentina pred.csv,2004-08-01,38.94424412204906
850,Argentina pred.csv,2004-09-01,38.94424427567559
851,Argentina pred.csv,2004-10-01,38.94424444332509
852,Argentina pred.csv,2004-11-01,38.94424460641712
853,Argentina pred.csv,2004-12-01,38.944244072813824
854,Argentina pred.csv,2005-01-01,39.36716092212309
855,Argentina pred.csv,2005-02-01,39.36623171525452
856,Argentina pred.csv,2005-03-01,39.36625545917352
857,Argentina pred.csv,2005-04-01,39.36625497409588
858,Argentina pred.csv,2005-05-01,39.36625511623226
859,Argentina pred.csv,2005-06-01,39.36625525426312
860,Argentina pred.csv,2005-07-01,39.36625540532781
861,Argentina pred.csv,2005-08-01,39.36625557017059
862,Argentina pred.csv,2005-09-01,39.36625575006041
863,Argentina pred.csv,2005-10-01,39.36625594637135
864,Argentina pred.csv,2005-11-01,39.36625612406815
865,Argentina pred.csv,2005-12-01,39.366255017523685
866,Argentina pred.csv,2006-01-01,39.78883523873905
867,Argentina pred.csv,2006-02-01,39.76239348225984
868,Argentina pred.csv,2006-03-01,39.76306605452566
869,Argentina pred.csv,2006-04-01,39.7630489797037
870,Argentina pred.csv,2006-05-01,39.76304944881896
871,Argentina pred.csv,2006-06-01,39.76304947488381
872,Argentina pred.csv,2006-07-01,39.76304951568531
873,Argentina pred.csv,2006-08-01,39.76304955989617
874,Argentina pred.csv,2006-09-01,39.76304960814985
875,Argentina pred.csv,2006-10-01,39.76304966080753
876,Argentina pred.csv,2006-11-01,39.76304971073618
877,Argentina pred.csv,2006-12-01,39.76304949869177
878,Argentina pred.csv,2007-01-01,40.14555811665849
879,Argentina pred.csv,2007-02-01,40.13587412734417
880,Argentina pred.csv,2007-03-01,40.13612046549333
881,Argentina pred.csv,2007-04-01,40.13611422897314
882,Argentina pred.csv,2007-05-01,40.13611441937857
883,Argentina pred.csv,2007-06-01,40.13611444921651
884,Argentina pred.csv,2007-07-01,40.13611448630396
885,Argentina pred.csv,2007-08-01,40.13611452666149
886,Argentina pred.csv,2007-09-01,40.1361145707056
887,Argentina pred.csv,2007-10-01,40.136114618769945
888,Argentina pred.csv,2007-11-01,40.1361146624298
889,Argentina pred.csv,2007-12-01,40.13611439840926
890,Argentina pred.csv,2008-01-01,40.503587197708015
891,Argentina pred.csv,2008-02-01,40.53177226979434
892,Argentina pred.csv,2008-03-01,40.53105538807867
893,Argentina pred.csv,2008-04-01,40.5310736247455
894,Argentina pred.csv,2008-05-01,40.5310731639968
895,Argentina pred.csv,2008-06-01,40.53107317909747
896,Argentina pred.csv,2008-07-01,40.53107318240338
897,Argentina pred.csv,2008-08-01,40.53107318634584
898,Argentina pred.csv,2008-09-01,40.53107319063933
899,Argentina pred.csv,2008-10-01,40.531073195324886
900,Argentina pred.csv,2008-11-01,40.53107320022413
901,Argentina pred.csv,2008-12-01,40.53107319548968
902,Argentina pred.csv,2009-01-01,40.93883573738644
903,Argentina pred.csv,2009-02-01,40.94332850102273
904,Argentina pred.csv,2009-03-01,40.943214232278976
905,Argentina pred.csv,2009-04-01,40.94321714326298
906,Argentina pred.csv,2009-05-01,40.94321707422196
907,Argentina pred.csv,2009-06-01,40.94321708143388
908,Argentina pred.csv,2009-07-01,40.94321708720424
909,Argentina pred.csv,2009-08-01,40.94321709355466
910,Argentina pred.csv,2009-09-01,40.94321710048333
911,Argentina pred.csv,2009-10-01,40.94321710804445
912,Argentina pred.csv,2009-11-01,40.94321711486833
913,Argentina pred.csv,2009-12-01,40.94321707095066
914,Argentina pred.csv,2010-01-01,41.34847665249712
915,Argentina pred.csv,2010-02-01,41.35684953604893
916,Argentina pred.csv,2010-03-01,41.35663657178664
917,Argentina pred.csv,2010-04-01,41.35664198756388
918,Argentina pred.csv,2010-05-01,41.3566418487786
919,Argentina pred.csv,2010-06-01,41.35664185117842
920,Argentina pred.csv,2010-07-01,41.35664184988397
921,Argentina pred.csv,2010-08-01,41.35664184857082
922,Argentina pred.csv,2010-09-01,41.356641847135165
923,Argentina pred.csv,2010-10-01,41.35664184556855
924,Argentina pred.csv,2010-11-01,41.35664184431257
925,Argentina pred.csv,2010-12-01,41.356641857630535
926,Argentina pred.csv,2011-01-01,41.78099712403238
927,Argentina pred.csv,2011-02-01,41.789729123579946
928,Argentina pred.csv,2011-03-01,41.78950702518152
929,Argentina pred.csv,2011-04-01,41.78951267321632
930,Argentina pred.csv,2011-05-01,41.78951252845461
931,Argentina pred.csv,2011-06-01,41.789512530931226
932,Argentina pred.csv,2011-07-01,41.78951252955282
933,Argentina pred.csv,2011-08-01,41.78951252815234
934,Argentina pred.csv,2011-09-01,41.78951252662139
935,Argentina pred.csv,2011-10-01,41.78951252495076
936,Argentina pred.csv,2011-11-01,41.78951252345337
937,Argentina pred.csv,2011-12-01,41.78951253224764
938,Argentina pred.csv,2012-01-01,42.24066549420576
939,Argentina pred.csv,2012-02-01,42.21549344214064
940,Argentina pred.csv,2012-03-01,42.21613369459189
941,Argentina pred.csv,2012-04-01,42.21611741422888
942,Argentina pred.csv,2012-05-01,42.21611783310728
943,Argentina pred.csv,2012-06-01,42.21611782767938
944,Argentina pred.csv,2012-07-01,42.21611783352075
945,Argentina pred.csv,2012-08-01,42.216117839596095
946,Argentina pred.csv,2012-09-01,42.21611784623359
947,Argentina pred.csv,2012-10-01,42.216117853476725
948,Argentina pred.csv,2012-11-01,42.21611785991228
949,Argentina pred.csv,2012-12-01,42.21611781685008
950,Argentina pred.csv,2013-01-01,42.6298639317577
951,Argentina pred.csv,2013-02-01,42.63509922120127
952,Argentina pred.csv,2013-03-01,42.63496606192027
953,Argentina pred.csv,2013-04-01,42.63496944850121
954,Argentina pred.csv,2013-05-01,42.634969362025615
955,Argentina pred.csv,2013-06-01,42.63496936385593
956,Argentina pred.csv,2013-07-01,42.63496936340648
957,Argentina pred.csv,2013-08-01,42.63496936297821
958,Argentina pred.csv,2013-09-01,42.63496936250926
959,Argentina pred.csv,2013-10-01,42.63496936199751
960,Argentina pred.csv,2013-11-01,42.63496936165079
961,Argentina pred.csv,2013-12-01,42.63496936832794
962,Argentina pred.csv,2014-01-01,43.06582489329258
963,Argentina pred.csv,2014-02-01,43.0574811075137
964,Argentina pred.csv,2014-03-01,43.05769333297184
965,Argentina pred.csv,2014-04-01,43.057687937419786
966,Argentina pred.csv,2014-05-01,43.05768807725139
967,Argentina pred.csv,2014-06-01,43.05768807652812
968,Argentina pred.csv,2014-07-01,43.05768807963847
969,Argentina pred.csv,2014-08-01,43.057688082933566
970,Argentina pred.csv,2014-09-01,43.057688086531954
971,Argentina pred.csv,2014-10-01,43.05768809045872
972,Argentina pred.csv,2014-11-01,43.05768809393271
973,Argentina pred.csv,2014-12-01,43.057688070116605
974,Argentina pred.csv,2015-01-01,43.47643301829701
975,Argentina pred.csv,2015-02-01,43.47505711761144
976,Argentina pred.csv,2015-03-01,43.475092114014295
977,Argentina pred.csv,2015-04-01,43.475091224432056
978,Argentina pred.csv,2015-05-01,43.47509124765645
979,Argentina pred.csv,2015-06-01,43.47509124771827
980,Argentina pred.csv,2015-07-01,43.475091248428775
981,Argentina pred.csv,2015-08-01,43.47509124918778
982,Argentina pred.csv,2015-09-01,43.47509125001647
983,Argentina pred.csv,2015-10-01,43.47509125092076
984,Argentina pred.csv,2015-11-01,43.4750912517844
985,Argentina pred.csv,2015-12-01,43.47509124851004
986,Argentina pred.csv,2016-01-01,43.888581341237376
987,Argentina pred.csv,2016-02-01,43.8871968278446
988,Argentina pred.csv,2016-03-01,43.88723204355307
989,Argentina pred.csv,2016-04-01,43.88723114867921
990,Argentina pred.csv,2016-05-01,43.88723117235011
991,Argentina pred.csv,2016-06-01,43.887231172741
992,Argentina pred.csv,2016-07-01,43.88723117381462
993,Argentina pred.csv,2016-08-01,43.88723117496978
994,Argentina pred.csv,2016-09-01,43.88723117623083
995,Argentina pred.csv,2016-10-01,43.88723117760695
996,Argentina pred.csv,2016-11-01,43.88723117883599
997,Argentina pred.csv,2016-12-01,43.88723117090149
998,Argentina pred.csv,2017-01-01,44.297854751638944
999,Argentina pred.csv,2017-02-01,44.29401171387139
1000,Argentina pred.csv,2017-03-01,44.29410946198682
1001,Argentina pred.csv,2017-04-01,44.29410697671221
1002,Argentina pred.csv,2017-05-01,44.29410704094885
1003,Argentina pred.csv,2017-06-01,44.29410704043239
1004,Argentina pred.csv,2017-07-01,44.29410704166492
1005,Argentina pred.csv,2017-08-01,44.29410704296427
1006,Argentina pred.csv,2017-09-01,44.29410704438338
1007,Argentina pred.csv,2017-10-01,44.29410704593198
1008,Argentina pred.csv,2017-11-01,44.29410704732882
1009,Argentina pred.csv,2017-12-01,44.29410703888644
1010,Argentina pred.csv,2018-01-01,44.695512484637625
1011,Argentina pred.csv,2018-02-01,44.69504305573936
1012,Argentina pred.csv,2018-03-01,44.69505499599907
1013,Argentina pred.csv,2018-04-01,44.695054692718855
1014,Argentina pred.csv,2018-05-01,44.69505470089005
1015,Argentina pred.csv,2018-06-01,44.69505470118127
1016,Argentina pred.csv,2018-07-01,44.69505470171847
1017,Argentina pred.csv,2018-08-01,44.695054702299096
1018,Argentina pred.csv,2018-09-01,44.695054702932886
1019,Argentina pred.csv,2018-10-01,44.695054703624514
1020,Argentina pred.csv,2018-11-01,44.69505470425875
1021,Argentina pred.csv,2018-12-01,44.69505470085482
1022,Argentina pred.csv,2019-01-01,45.09129883737861
1023,Argentina pred.csv,2019-02-01,45.090403069754345
1024,Argentina pred.csv,2019-03-01,45.09042585387713
1025,Argentina pred.csv,2019-04-01,45.09042527476915
1026,Argentina pred.csv,2019-05-01,45.09042528993929
1027,Argentina pred.csv,2019-06-01,45.09042529003423
1028,Argentina pred.csv,2019-07-01,45.0904252905565
1029,Argentina pred.csv,2019-08-01,45.09042529111579
1030,Argentina pred.csv,2019-09-01,45.0904252917264
1031,Argentina pred.csv,2019-10-01,45.09042529239273
1032,Argentina pred.csv,2019-11-01,45.090425292992585
1033,Argentina pred.csv,2019-12-01,45.09042528931964
1034,Argentina pred.csv,2020-01-01,45.48029701126868
1035,Argentina pred.csv,2020-02-01,45.48006653566017
1036,Argentina pred.csv,2020-03-01,45.48007239794559
1037,Argentina pred.csv,2020-04-01,45.48007224901579
1038,Argentina pred.csv,2020-05-01,45.48007225299677
1039,Argentina pred.csv,2020-06-01,45.48007225310608
1040,Argentina pred.csv,2020-07-01,45.4800722533331
1041,Argentina pred.csv,2020-08-01,45.48007225357809
1042,Argentina pred.csv,2020-09-01,45.48007225384552
1043,Argentina pred.csv,2020-10-01,45.48007225413736
1044,Argentina pred.csv,2020-11-01,45.48007225440527
1045,Argentina pred.csv,2020-12-01,45.48007225298007
1046,Argentina pred.csv,2021-01-01,45.864239643965234
1047,Argentina pred.csv,2021-02-01,45.86361110394441
1048,Argentina pred.csv,2021-03-01,45.863627090995045
1049,Argentina pred.csv,2021-04-01,45.863626684587686
1050,Argentina pred.csv,2021-05-01,45.86362669516636
1051,Argentina pred.csv,2021-06-01,45.86362669516115
1052,Argentina pred.csv,2021-07-01,45.863626695449206
1053,Argentina pred.csv,2021-08-01,45.86362669575608
1054,Argentina pred.csv,2021-09-01,45.863626696091146
1055,Argentina pred.csv,2021-10-01,45.863626696456805
1056,Argentina pred.csv,2021-11-01,45.86362669678504
1057,Argentina pred.csv,2021-12-01,45.86362669473732
1058,Argentina pred.csv,2022-01-01,46.241216602110114
1059,Argentina pred.csv,2022-02-01,46.24044254051871
1060,Argentina pred.csv,2022-03-01,46.24046222889009
1061,Argentina pred.csv,2022-04-01,46.24046172833388
1062,Argentina pred.csv,2022-05-01,46.24046174130056
1063,Argentina pred.csv,2022-06-01,46.24046174122729
1064,Argentina pred.csv,2022-07-01,46.2404617415091
1065,Argentina pred.csv,2022-08-01,46.24046174180746
1066,Argentina pred.csv,2022-09-01,46.24046174213326
1067,Argentina pred.csv,2022-10-01,46.24046174248881
1068,Argentina pred.csv,2022-11-01,46.24046174280984
1069,Argentina pred.csv,2022-12-01,46.24046174088512
1070,Argentina pred.csv,2023-01-01,46.61100268967652
1071,Argentina pred.csv,2023-02-01,46.61065521866339
1072,Argentina pred.csv,2023-03-01,46.61066405668544
1073,Argentina pred.csv,2023-04-01,46.61066383203725
1074,Argentina pred.csv,2023-05-01,46.610663837910415
1075,Argentina pred.csv,2023-06-01,46.61066383793487
1076,Argentina pred.csv,2023-07-01,46.61066383812393
1077,Argentina pred.csv,2023-08-01,46.610663838326126
1078,Argentina pred.csv,2023-09-01,46.61066383854688
1079,Argentina pred.csv,2023-10-01,46.610663838787765
1080,France pred.csv,1993-11-01,0.0
1081,France pred.csv,1993-12-01,0.0
1082,France pred.csv,1994-01-01,0.0
1083,France pred.csv,1994-02-01,76.79099999964404
1084,France pred.csv,1994-03-01,59.0860000253594
1085,France pred.csv,1994-04-01,59.10016814095274
1086,France pred.csv,1994-05-01,59.11718573205257
1087,France pred.csv,1994-06-01,59.13579046298932
1088,France pred.csv,1994-07-01,59.1615520942995
1089,France pred.csv,1994-08-01,59.18340384450839
1090,France pred.csv,1994-09-01,59.20611801018851
1091,France pred.csv,1994-10-01,59.22479891000031
1092,France pred.csv,1994-11-01,59.24371788915197
1093,France pred.csv,1994-12-01,59.26281047481658
1094,France pred.csv,1995-01-01,59.28067053771393
1095,France pred.csv,1995-02-01,59.29862443729569
1096,France pred.csv,1995-03-01,59.30665271492608
1097,France pred.csv,1995-04-01,59.31928179328153
1098,France pred.csv,1995-05-01,59.33469293665274
1099,France pred.csv,1995-06-01,59.346113714636914
1100,France pred.csv,1995-07-01,59.36632998483771
1101,France pred.csv,1995-08-01,59.389742685631866
1102,France pred.csv,1995-09-01,59.4136321948108
1103,France pred.csv,1995-10-01,59.4346114140392
1104,France pred.csv,1995-11-01,59.45564698681425
1105,France pred.csv,1995-12-01,59.478020546592965
1106,France pred.csv,1996-01-01,59.49415882085111
1107,France pred.csv,1996-02-01,59.50332583021986
1108,France pred.csv,1996-03-01,59.51095759746899
1109,France pred.csv,1996-04-01,59.5205295752016
1110,France pred.csv,1996-05-01,59.53517648915796
1111,France pred.csv,1996-06-01,59.550646080035015
1112,France pred.csv,1996-07-01,59.57187361651351
1113,France pred.csv,1996-08-01,59.59494222195615
1114,France pred.csv,1996-09-01,59.61989866237879
1115,France pred.csv,1996-10-01,59.64074808035287
1116,France pred.csv,1996-11-01,59.66169774653989
1117,France pred.csv,1996-12-01,59.681584116962696
1118,France pred.csv,1997-01-01,59.69792374761679
1119,France pred.csv,1997-02-01,59.70725909808717
1120,France pred.csv,1997-03-01,59.706365713292286
1121,France pred.csv,1997-04-01,59.717855582523406
1122,France pred.csv,1997-05-01,59.7341333628487
1123,France pred.csv,1997-06-01,59.754464752200654
1124,France pred.csv,1997-07-01,59.77645159389702
1125,France pred.csv,1997-08-01,59.80035155099545
1126,France pred.csv,1997-09-01,59.82507055462099
1127,France pred.csv,1997-10-01,59.84337771435786
1128,France pred.csv,1997-11-01,59.86449862645946
1129,France pred.csv,1997-12-01,59.88452284698393
1130,France pred.csv,1998-01-01,59.89967097966942
1131,France pred.csv,1998-02-01,59.91646204720479
1132,France pred.csv,1998-03-01,59.93222588123497
1133,France pred.csv,1998-04-01,59.94072913881315
1134,France pred.csv,1998-05-01,59.95109571423689
1135,France pred.csv,1998-06-01,59.96794121338576
1136,France pred.csv,1998-07-01,59.98802129310137
1137,France pred.csv,1998-08-01,60.00990659396077
1138,France pred.csv,1998-09-01,60.03743617999854
1139,France pred.csv,1998-10-01,60.06183668965015
1140,France pred.csv,1998-11-01,60.08725602144157
1141,France pred.csv,1998-12-01,60.10771897409992
1142,France pred.csv,1999-01-01,60.12605918628248
1143,France pred.csv,1999-02-01,60.14116788509865
1144,France pred.csv,1999-03-01,60.165340529068914
1145,France pred.csv,1999-04-01,60.18540539877768
1146,France pred.csv,1999-05-01,60.21389033123748
1147,France pred.csv,1999-06-01,60.24792021616488
1148,France pred.csv,1999-07-01,60.28591086277669
1149,France pred.csv,1999-08-01,60.32425352000127
1150,France pred.csv,1999-09-01,60.36577806693871
1151,France pred.csv,1999-10-01,60.40438584392307
1152,France pred.csv,1999-11-01,60.44413879263392
1153,France pred.csv,1999-12-01,60.47771665382479
1154,France pred.csv,2000-01-01,60.50802051766697
1155,France pred.csv,2000-02-01,60.53523981233192
1156,France pred.csv,2000-03-01,60.55443912493547
1157,France pred.csv,2000-04-01,60.58313770073576
1158,France pred.csv,2000-05-01,60.61905323739304
1159,France pred.csv,2000-06-01,60.65646221399152
1160,France pred.csv,2000-07-01,60.6992632531579
1161,France pred.csv,2000-08-01,60.738874502375154
1162,France pred.csv,2000-09-01,60.78194109158297
1163,France pred.csv,2000-10-01,60.82474626395305
1164,France pred.csv,2000-11-01,60.86488733136492
1165,France pred.csv,2000-12-01,60.90391408343092
1166,France pred.csv,2001-01-01,60.93947064977024
1167,France pred.csv,2001-02-01,60.9741677141734
1168,France pred.csv,2001-03-01,61.00671894602887
1169,France pred.csv,2001-04-01,61.03834372287308
1170,France pred.csv,2001-05-01,61.07389088205075
1171,France pred.csv,2001-06-01,61.11047359074051
1172,France pred.csv,2001-07-01,61.15166263831926
1173,France pred.csv,2001-08-01,61.19111520689454
1174,France pred.csv,2001-09-01,61.23402923981106
1175,France pred.csv,2001-10-01,61.27419289190605
1176,France pred.csv,2001-11-01,61.31433451338764
1177,France pred.csv,2001-12-01,61.355774861932986
1178,France pred.csv,2002-01-01,61.38978137216704
1179,France pred.csv,2002-02-01,61.419379623495125
1180,France pred.csv,2002-03-01,61.44363418171309
1181,France pred.csv,2002-04-01,61.47242585848072
1182,France pred.csv,2002-05-01,61.50625920490819
1183,France pred.csv,2002-06-01,61.54204408220778
1184,France pred.csv,2002-07-01,61.58344545485056
1185,France pred.csv,2002-08-01,61.62048693705927
1186,France pred.csv,2002-09-01,61.66477901426992
1187,France pred.csv,2002-10-01,61.70861276163621
1188,France pred.csv,2002-11-01,61.75083140782055
1189,France pred.csv,2002-12-01,61.79058083813932
1190,France pred.csv,2003-01-01,61.82567197923279
1191,France pred.csv,2003-02-01,61.86006475028603
1192,France pred.csv,2003-03-01,61.889958578360414
1193,France pred.csv,2003-04-01,61.92159767017421
1194,France pred.csv,2003-05-01,61.95467023802832
1195,France pred.csv,2003-06-01,61.99132644896712
1196,France pred.csv,2003-07-01,62.03374334471342
1197,France pred.csv,2003-08-01,62.07177931768904
1198,France pred.csv,2003-09-01,62.11460144072951
1199,France pred.csv,2003-10-01,62.13633028596311
1200,France pred.csv,2003-11-01,62.17905931391456
1201,France pred.csv,2003-12-01,62.22015434355149
1202,France pred.csv,2004-01-01,62.25559401710545
1203,France pred.csv,2004-02-01,62.286330489841895
1204,France pred.csv,2004-03-01,62.31774319527007
1205,France pred.csv,2004-04-01,62.35195416986687
1206,France pred.csv,2004-05-01,62.38727035058599
1207,France pred.csv,2004-06-01,62.42603391914032
1208,France pred.csv,2004-07-01,62.46441044885219
1209,France pred.csv,2004-08-01,62.50868529600103
1210,France pred.csv,2004-09-01,62.55732553377229
1211,France pred.csv,2004-10-01,62.60276538964349
1212,France pred.csv,2004-11-01,62.64679094607896
1213,France pred.csv,2004-12-01,62.68973973625025
1214,France pred.csv,2005-01-01,62.73163974586752
1215,France pred.csv,2005-02-01,62.77002940663579
1216,France pred.csv,2005-03-01,62.80143007461058
1217,France pred.csv,2005-04-01,62.82382755232407
1218,France pred.csv,2005-05-01,62.85114681591781
1219,France pred.csv,2005-06-01,62.88988268495377
1220,France pred.csv,2005-07-01,62.93137021734865
1221,France pred.csv,2005-08-01,62.97190522334699
1222,France pred.csv,2005-09-01,63.01698839900246
1223,France pred.csv,2005-10-01,63.06408079244893
1224,France pred.csv,2005-11-01,63.10946056970726
1225,France pred.csv,2005-12-01,63.151037983051935
1226,France pred.csv,2006-01-01,63.18924681465719
1227,France pred.csv,2006-02-01,63.22428021645795
1228,France pred.csv,2006-03-01,63.24882688853364
1229,France pred.csv,2006-04-01,63.27450260540681
1230,France pred.csv,2006-05-01,63.30577622404108
1231,France pred.csv,2006-06-01,63.336833893111375
1232,France pred.csv,2006-07-01,63.37743826377394
1233,France pred.csv,2006-08-01,63.41355020920999
1234,France pred.csv,2006-09-01,63.4518469706088
1235,France pred.csv,2006-10-01,63.49248561196093
1236,France pred.csv,2006-11-01,63.53283570958784
1237,France pred.csv,2006-12-01,63.57178291985785
1238,France pred.csv,2007-01-01,63.60588561912223
1239,France pred.csv,2007-02-01,63.6367614856838
1240,France pred.csv,2007-03-01,63.65964590689412
1241,France pred.csv,2007-04-01,63.68103749301444
1242,France pred.csv,2007-05-01,63.70930856584956
1243,France pred.csv,2007-06-01,63.73492891718329
1244,France pred.csv,2007-07-01,63.77025395191801
1245,France pred.csv,2007-08-01,63.80244186187811
1246,France pred.csv,2007-09-01,63.83798178274823
1247,France pred.csv,2007-10-01,63.87447767500889
1248,France pred.csv,2007-11-01,63.90947367952381
1249,France pred.csv,2007-12-01,63.94077001036374
1250,France pred.csv,2008-01-01,63.96750548136895
1251,France pred.csv,2008-02-01,63.99362911008936
1252,France pred.csv,2008-03-01,64.01406072396271
1253,France pred.csv,2008-04-01,64.03389941420231
1254,France pred.csv,2008-05-01,64.05790139446619
1255,France pred.csv,2008-06-01,64.08669382543313
1256,France pred.csv,2008-07-01,64.11983384727657
1257,France pred.csv,2008-08-01,64.15105200001206
1258,France pred.csv,2008-09-01,64.18692957660967
1259,France pred.csv,2008-10-01,64.22120285249547
1260,France pred.csv,2008-11-01,64.25530232502042
1261,France pred.csv,2008-12-01,64.28449985693553
1262,France pred.csv,2009-01-01,64.31164092136623
1263,France pred.csv,2009-02-01,64.33435278953436
1264,France pred.csv,2009-03-01,64.3417312824735
1265,France pred.csv,2009-04-01,64.35804302729161
1266,France pred.csv,2009-05-01,64.38213712313905
1267,France pred.csv,2009-06-01,64.40670265771797
1268,France pred.csv,2009-07-01,64.43558696391973
1269,France pred.csv,2009-08-01,64.46516268429549
1270,France pred.csv,2009-09-01,64.49925373655587
1271,France pred.csv,2009-10-01,64.53160053021986
1272,France pred.csv,2009-11-01,64.56374004463777
1273,France pred.csv,2009-12-01,64.59097495649347
1274,France pred.csv,2010-01-01,64.61615091587687
1275,France pred.csv,2010-02-01,64.64057113462677
1276,France pred.csv,2010-03-01,64.66039340798382
1277,France pred.csv,2010-04-01,64.67948659655138
1278,France pred.csv,2010-05-01,64.70266327320381
1279,France pred.csv,2010-06-01,64.72937923417204
1280,France pred.csv,2010-07-01,64.75685369621173
1281,France pred.csv,2010-08-01,64.78643399937792
1282,France pred.csv,2010-09-01,64.81938253015925
1283,France pred.csv,2010-10-01,64.85188313710354
1284,France pred.csv,2010-11-01,64.88290796785604
1285,France pred.csv,2010-12-01,64.91151935015958
1286,France pred.csv,2011-01-01,64.93915739597418
1287,France pred.csv,2011-02-01,64.95968961576084
1288,France pred.csv,2011-03-01,64.97722472023568
1289,France pred.csv,2011-04-01,64.99549360844779
1290,France pred.csv,2011-05-01,65.01776129053682
1291,France pred.csv,2011-06-01,65.04103451268982
1292,France pred.csv,2011-07-01,65.07014561237465
1293,France pred.csv,2011-08-01,65.10111958843645
1294,France pred.csv,2011-09-01,65.13398741867803
1295,France pred.csv,2011-10-01,65.16643711497082
1296,France pred.csv,2011-11-01,65.1962520441964
1297,France pred.csv,2011-12-01,65.22253811677336
1298,France pred.csv,2012-01-01,65.24556644728902
1299,France pred.csv,2012-02-01,65.26667090027922
1300,France pred.csv,2012-03-01,65.2870043659491
1301,France pred.csv,2012-04-01,65.30150610078603
1302,France pred.csv,2012-05-01,65.32150795428315
1303,France pred.csv,2012-06-01,65.34763827886118
1304,France pred.csv,2012-07-01,65.37800642334375
1305,France pred.csv,2012-08-01,65.40881087291618
1306,France pred.csv,2012-09-01,65.44283301320398
1307,France pred.csv,2012-10-01,65.47764759500063
1308,France pred.csv,2012-11-01,65.5121234785788
1309,France pred.csv,2012-12-01,65.54278618456482
1310,France pred.csv,2013-01-01,65.56880079129719
1311,France pred.csv,2013-02-01,65.59172018784322
1312,France pred.csv,2013-03-01,65.61034960910058
1313,France pred.csv,2013-04-01,65.62719186242646
1314,France pred.csv,2013-05-01,65.64579395929469
1315,France pred.csv,2013-06-01,65.67187540048687
1316,France pred.csv,2013-07-01,65.70471259287717
1317,France pred.csv,2013-08-01,65.73654644569191
1318,France pred.csv,2013-09-01,65.77398809297354
1319,France pred.csv,2013-10-01,65.81206538399891
1320,France pred.csv,2013-11-01,65.84599926473858
1321,France pred.csv,2013-12-01,65.87882273410031
1322,France pred.csv,2014-01-01,65.90823812066026
1323,France pred.csv,2014-02-01,66.21005032437434
1324,France pred.csv,2014-03-01,66.20882891570345
1325,France pred.csv,2014-04-01,66.21032675502343
1326,France pred.csv,2014-05-01,66.22697323747265
1327,France pred.csv,2014-06-01,66.24722225919601
1328,France pred.csv,2014-07-01,66.2723393557594
1329,France pred.csv,2014-08-01,66.30076944697683
1330,France pred.csv,2014-09-01,66.32989986631318
1331,France pred.csv,2014-10-01,66.35869418726757
1332,France pred.csv,2014-11-01,66.38739641577348
1333,France pred.csv,2014-12-01,66.41365362869877
1334,France pred.csv,2015-01-01,66.43399713303828
1335,France pred.csv,2015-02-01,66.45130876038095
1336,France pred.csv,2015-03-01,66.45584259598559
1337,France pred.csv,2015-04-01,66.4531877920039
1338,France pred.csv,2015-05-01,66.4594333176905
1339,France pred.csv,2015-06-01,66.47318835770128
1340,France pred.csv,2015-07-01,66.49347790351032
1341,France pred.csv,2015-08-01,66.51517956257756
1342,France pred.csv,2015-09-01,66.53620830798445
1343,France pred.csv,2015-10-01,66.55702361077326
1344,France pred.csv,2015-11-01,66.57904786207081
1345,France pred.csv,2015-12-01,66.59486260685125
1346,France pred.csv,2016-01-01,66.60987601460454
1347,France pred.csv,2016-02-01,66.62411147493178
1348,France pred.csv,2016-03-01,66.6324874251261
1349,France pred.csv,2016-04-01,66.64145652790991
1350,France pred.csv,2016-05-01,66.64714709821556
1351,France pred.csv,2016-06-01,66.65814202928242
1352,France pred.csv,2016-07-01,66.6751258311891
1353,France pred.csv,2016-08-01,66.69632860522454
1354,France pred.csv,2016-09-01,66.72042919498674
1355,France pred.csv,2016-10-01,66.7414382920468
1356,France pred.csv,2016-11-01,66.76113890350523
1357,France pred.csv,2016-12-01,66.77612286960081
1358,France pred.csv,2017-01-01,66.7866912262887
1359,France pred.csv,2017-02-01,66.78937018257953
1360,France pred.csv,2017-03-01,66.78695707060179
1361,France pred.csv,2017-04-01,66.79786233346142
1362,France pred.csv,2017-05-01,66.81565742171416
1363,France pred.csv,2017-06-01,66.83596197791333
1364,France pred.csv,2017-07-01,66.85786527837227
1365,France pred.csv,2017-08-01,66.88294668492823
1366,France pred.csv,2017-09-01,66.90999326263551
1367,France pred.csv,2017-10-01,66.936589823035
1368,France pred.csv,2017-11-01,66.95930230024743
1369,France pred.csv,2017-12-01,66.9822501091034
1370,France pred.csv,2018-01-01,66.99926374451762
1371,France pred.csv,2018-02-01,67.00944229427955
1372,France pred.csv,2018-03-01,67.02177121822385
1373,France pred.csv,2018-04-01,67.03451192260638
1374,France pred.csv,2018-05-01,67.04239171321203
1375,France pred.csv,2018-06-01,67.0629106727008
1376,France pred.csv,2018-07-01,67.09134097521415
1377,France pred.csv,2018-08-01,67.12091736248571
1378,France pred.csv,2018-09-01,67.15209314175988
1379,France pred.csv,2018-10-01,67.18157646792935
1380,France pred.csv,2018-11-01,67.21095491023848
1381,France pred.csv,2018-12-01,67.2378919716824
1382,France pred.csv,2019-01-01,67.26010968148027
1383,France pred.csv,2019-02-01,67.27915579586748
1384,France pred.csv,2019-03-01,67.28163663190232
1385,France pred.csv,2019-04-01,67.28206389721346
1386,France pred.csv,2019-05-01,67.29240705708196
1387,France pred.csv,2019-06-01,67.3074459928883
1388,France pred.csv,2019-07-01,67.32659318822033
1389,France pred.csv,2019-08-01,67.34743663600706
1390,France pred.csv,2019-09-01,67.37142787423248
1391,France pred.csv,2019-10-01,67.3949254667398
1392,France pred.csv,2019-11-01,67.41694748345266
1393,France pred.csv,2019-12-01,67.43655623879161
1394,France pred.csv,2020-01-01,67.44784028144602
1395,France pred.csv,2020-02-01,67.45872441515203
1396,France pred.csv,2020-03-01,67.47390887827638
1397,France pred.csv,2020-04-01,67.49022447385859
1398,France pred.csv,2020-05-01,67.49646106412291
1399,France pred.csv,2020-06-01,67.49601038336021
1400,France pred.csv,2020-07-01,67.52243143201174
1401,France pred.csv,2020-08-01,67.55107883915647
1402,France pred.csv,2020-09-01,67.5829716972617
1403,France pred.csv,2020-10-01,67.60657193270572
1404,France pred.csv,2020-11-01,67.63039394074569
1405,France pred.csv,2020-12-01,67.64597109386337
1406,France pred.csv,2021-01-01,67.64514619715952
1407,France pred.csv,2021-02-01,67.64860870238356
1408,France pred.csv,2021-03-01,67.64441382887026
1409,France pred.csv,2021-04-01,67.64958724489107
1410,France pred.csv,2021-05-01,67.66561683817073
1411,France pred.csv,2021-06-01,67.67921170773667
1412,France pred.csv,2021-07-01,67.7007594345373
1413,France pred.csv,2021-08-01,67.72769358336681
1414,France pred.csv,2021-09-01,67.75734102978674
1415,France pred.csv,2021-10-01,67.78131864039405
1416,France pred.csv,2021-11-01,67.80781454366658
1417,France pred.csv,2021-12-01,67.83187240852077
1418,France pred.csv,2022-01-01,67.85112000734502
1419,France pred.csv,2022-02-01,67.85981388444313
1420,France pred.csv,2022-03-01,67.86232405829176
1421,France pred.csv,2022-04-01,67.87346404112981
1422,France pred.csv,2022-05-01,67.88951208698462
1423,France pred.csv,2022-06-01,67.90364726019831
1424,France pred.csv,2022-07-01,67.92854507756331
1425,France pred.csv,2022-08-01,67.95503853511592
1426,France pred.csv,2022-09-01,67.97704207587093
1427,France pred.csv,2022-10-01,68.0002610311866
1428,France pred.csv,2022-11-01,68.02354388939477
1429,France pred.csv,2022-12-01,68.03821113374045
1430,France pred.csv,2023-01-01,68.05474915646676
1431,France pred.csv,2023-02-01,68.05819862760931
1432,France pred.csv,2023-03-01,68.0627524538588
1433,France pred.csv,2023-04-01,68.07788190817806
1434,France pred.csv,2023-05-01,68.09366595683592
1435,France pred.csv,2023-06-01,68.11003847431523
1436,France pred.csv,2023-07-01,68.129803163573
1437,France pred.csv,2023-08-01,68.1540960676159
1438,France pred.csv,2023-09-01,68.1802241860659
1439,France pred.csv,2023-10-01,68.20336917216135
1440,China pred.csv,1993-11-01,0.0
1441,China pred.csv,1993-12-01,-8.420941737990013e-19
1442,China pred.csv,1994-01-01,4.5925967921181265e-19
1443,China pred.csv,1994-02-01,4.3114907175409535e-19
1444,China pred.csv,1994-03-01,-1.2853264784132758e-18
1445,China pred.csv,1994-04-01,6.563937101697145e-19
1446,China pred.csv,1994-05-01,3.312469840557056e-19
1447,China pred.csv,1994-06-01,-6.415967059038808e-19
1448,China pred.csv,1994-07-01,-1.844074745533098e-18
1449,China pred.csv,1994-08-01,8.382865352550381e-20
1450,China pred.csv,1994-09-01,4.382222183084938e-19
1451,China pred.csv,1994-10-01,-1.2273299948820646e-18
1452,China pred.csv,1994-11-01,1777.75551225079
1453,China pred.csv,1994-12-01,1777.75551225079
1454,China pred.csv,1995-01-01,1797.750518012244
1455,China pred.csv,1995-02-01,1797.750518012244
1456,China pred.csv,1995-03-01,1797.750518012244
1457,China pred.csv,1995-04-01,1797.750518012244
1458,China pred.csv,1995-05-01,1797.750518012244
1459,China pred.csv,1995-06-01,1797.750518012244
1460,China pred.csv,1995-07-01,1797.750518012244
1461,China pred.csv,1995-08-01,1797.750518012244
1462,China pred.csv,1995-09-01,1797.750518012244
1463,China pred.csv,1995-10-01,1797.750518012244
1464,China pred.csv,1995-11-01,1211.82998271958
1465,China pred.csv,1995-12-01,1211.82998271958
1466,China pred.csv,1996-01-01,1223.9199820456467
1467,China pred.csv,1996-02-01,1223.9199820456467
1468,China pred.csv,1996-03-01,1223.9199820456467
1469,China pred.csv,1996-04-01,1223.9199820456467
1470,China pred.csv,1996-05-01,1223.9199820456467
1471,China pred.csv,1996-06-01,1223.9199820456467
1472,China pred.csv,1996-07-01,1223.9199820456467
1473,China pred.csv,1996-08-01,1223.9199820456467
1474,China pred.csv,1996-09-01,1223.9199820456467
1475,China pred.csv,1996-10-01,1223.9199820456467
1476,China pred.csv,1996-11-01,1223.911391547214
1477,China pred.csv,1996-12-01,1223.911391547214
1478,China pred.csv,1997-01-01,1236.568938492771
1479,China pred.csv,1997-02-01,1236.568938492771
1480,China pred.csv,1997-03-01,1236.568938492771
1481,China pred.csv,1997-04-01,1236.568938492771
1482,China pred.csv,1997-05-01,1236.568938492771
1483,China pred.csv,1997-06-01,1236.568938492771
1484,China pred.csv,1997-07-01,1236.568938492771
1485,China pred.csv,1997-08-01,1236.568938492771
1486,China pred.csv,1997-09-01,1236.568938492771
1487,China pred.csv,1997-10-01,1236.568938492771
1488,China pred.csv,1997-11-01,1236.3563834516667
1489,China pred.csv,1997-12-01,1236.3563834516667
1490,China pred.csv,1998-01-01,1248.6168659213045
1491,China pred.csv,1998-02-01,1248.6168659213045
1492,China pred.csv,1998-03-01,1248.6168659213045
1493,China pred.csv,1998-04-01,1248.6168659213045
1494,China pred.csv,1998-05-01,1248.6168659213045
1495,China pred.csv,1998-06-01,1248.6168659213045
1496,China pred.csv,1998-07-01,1248.6168659213045
1497,China pred.csv,1998-08-01,1248.6168659213045
1498,China pred.csv,1998-09-01,1248.6168659213045
1499,China pred.csv,1998-10-01,1248.6168659213045
1500,China pred.csv,1998-11-01,1248.5537529946887
1501,China pred.csv,1998-12-01,1248.5537529946887
1502,China pred.csv,1999-01-01,1258.8847461963014
1503,China pred.csv,1999-02-01,1258.8847461963014
1504,China pred.csv,1999-03-01,1258.8847461963014
1505,China pred.csv,1999-04-01,1258.8847461963014
1506,China pred.csv,1999-05-01,1258.8847461963014
1507,China pred.csv,1999-06-01,1258.8847461963014
1508,China pred.csv,1999-07-01,1258.8847461963014
1509,China pred.csv,1999-08-01,1258.8847461963014
1510,China pred.csv,1999-09-01,1258.8847461963014
1511,China pred.csv,1999-10-01,1258.8847461963014
1512,China pred.csv,1999-11-01,1258.8847461963137
1513,China pred.csv,1999-12-01,1258.8847461963137
1514,China pred.csv,2000-01-01,1267.75955748169
1515,China pred.csv,2000-02-01,1267.75955748169
1516,China pred.csv,2000-03-01,1267.75955748169
1517,China pred.csv,2000-04-01,1267.75955748169
1518,China pred.csv,2000-05-01,1267.75955748169
1519,China pred.csv,2000-06-01,1267.75955748169
1520,China pred.csv,2000-07-01,1267.75955748169
1521,China pred.csv,2000-08-01,1267.75955748169
1522,China pred.csv,2000-09-01,1267.75955748169
1523,China pred.csv,2000-10-01,1267.75955748169
1524,China pred.csv,2000-11-01,1267.759557481696
1525,China pred.csv,2000-12-01,1267.759557481696
1526,China pred.csv,2001-01-01,1276.5202298424265
1527,China pred.csv,2001-02-01,1276.5202298424265
1528,China pred.csv,2001-03-01,1276.5202298424265
1529,China pred.csv,2001-04-01,1276.5202298424265
1530,China pred.csv,2001-05-01,1276.5202298424265
1531,China pred.csv,2001-06-01,1276.5202298424265
1532,China pred.csv,2001-07-01,1276.5202298424265
1533,China pred.csv,2001-08-01,1276.5202298424265
1534,China pred.csv,2001-09-01,1276.5202298424265
1535,China pred.csv,2001-10-01,1276.5202298424265
1536,China pred.csv,2001-11-01,1276.5202298424265
1537,China pred.csv,2001-12-01,1276.5202298424265
1538,China pred.csv,2002-01-01,1284.766016225349
1539,China pred.csv,2002-02-01,1284.766016225349
1540,China pred.csv,2002-03-01,1284.766016225349
1541,China pred.csv,2002-04-01,1284.766016225349
1542,China pred.csv,2002-05-01,1284.766016225349
1543,China pred.csv,2002-06-01,1284.766016225349
1544,China pred.csv,2002-07-01,1284.766016225349
1545,China pred.csv,2002-08-01,1284.766016225349
1546,China pred.csv,2002-09-01,1284.766016225349
1547,China pred.csv,2002-10-01,1284.766016225349
1548,China pred.csv,2002-11-01,1284.766016225349
1549,China pred.csv,2002-12-01,1284.766016225349
1550,China pred.csv,2003-01-01,1292.4756052518835
1551,China pred.csv,2003-02-01,1292.4756052518835
1552,China pred.csv,2003-03-01,1292.4756052518835
1553,China pred.csv,2003-04-01,1292.4756052518835
1554,China pred.csv,2003-05-01,1292.4756052518835
1555,China pred.csv,2003-06-01,1292.4756052518835
1556,China pred.csv,2003-07-01,1292.4756052518835
1557,China pred.csv,2003-08-01,1292.4756052518835
1558,China pred.csv,2003-09-01,1292.4756052518835
1559,China pred.csv,2003-10-01,1292.4756052518835
1560,China pred.csv,2003-11-01,1292.475605251884
1561,China pred.csv,2003-12-01,1292.475605251884
1562,China pred.csv,2004-01-01,1299.7388071046662
1563,China pred.csv,2004-02-01,1299.7388071046662
1564,China pred.csv,2004-03-01,1299.7388071046662
1565,China pred.csv,2004-04-01,1299.7388071046662
1566,China pred.csv,2004-05-01,1299.7388071046662
1567,China pred.csv,2004-06-01,1299.7388071046662
1568,China pred.csv,2004-07-01,1299.7388071046662
1569,China pred.csv,2004-08-01,1299.7388071046662
1570,China pred.csv,2004-09-01,1299.7388071046662
1571,China pred.csv,2004-10-01,1299.7388071046662
1572,China pred.csv,2004-11-01,1299.7388071046662
1573,China pred.csv,2004-12-01,1299.7388071046662
1574,China pred.csv,2005-01-01,1307.2446145443676
1575,China pred.csv,2005-02-01,1307.2446145443676
1576,China pred.csv,2005-03-01,1307.2446145443676
1577,China pred.csv,2005-04-01,1307.2446145443676
1578,China pred.csv,2005-05-01,1307.2446145443676
1579,China pred.csv,2005-06-01,1307.2446145443676
1580,China pred.csv,2005-07-01,1307.2446145443676
1581,China pred.csv,2005-08-01,1307.2446145443676
1582,China pred.csv,2005-09-01,1307.2446145443676
1583,China pred.csv,2005-10-01,1307.2446145443676
1584,China pred.csv,2005-11-01,1307.2446145443678
1585,China pred.csv,2005-12-01,1307.2446145443678
1586,China pred.csv,2006-01-01,1315.128889373627
1587,China pred.csv,2006-02-01,1315.128889373627
1588,China pred.csv,2006-03-01,1315.128889373627
1589,China pred.csv,2006-04-01,1315.128889373627
1590,China pred.csv,2006-05-01,1315.128889373627
1591,China pred.csv,2006-06-01,1315.128889373627
1592,China pred.csv,2006-07-01,1315.128889373627
1593,China pred.csv,2006-08-01,1315.128889373627
1594,China pred.csv,2006-09-01,1315.128889373627
1595,China pred.csv,2006-10-01,1315.128889373627
1596,China pred.csv,2006-11-01,1315.128889373627
1597,China pred.csv,2006-12-01,1315.128889373627
1598,China pred.csv,2007-01-01,1321.4338072788692
1599,China pred.csv,2007-02-01,1321.4338072788692
1600,China pred.csv,2007-03-01,1321.4338072788692
1601,China pred.csv,2007-04-01,1321.4338072788692
1602,China pred.csv,2007-05-01,1321.4338072788692
1603,China pred.csv,2007-06-01,1321.4338072788692
1604,China pred.csv,2007-07-01,1321.4338072788692
1605,China pred.csv,2007-08-01,1321.4338072788692
1606,China pred.csv,2007-09-01,1321.4338072788692
1607,China pred.csv,2007-10-01,1321.4338072788692
1608,China pred.csv,2007-11-01,1321.4338072788692
1609,China pred.csv,2007-12-01,1321.4338072788692
1610,China pred.csv,2008-01-01,1327.8518859741837
1611,China pred.csv,2008-02-01,1327.8518859741837
1612,China pred.csv,2008-03-01,1327.8518859741837
1613,China pred.csv,2008-04-01,1327.8518859741837
1614,China pred.csv,2008-05-01,1327.8518859741837
1615,China pred.csv,2008-06-01,1327.8518859741837
1616,China pred.csv,2008-07-01,1327.8518859741837
1617,China pred.csv,2008-08-01,1327.8518859741837
1618,China pred.csv,2008-09-01,1327.8518859741837
1619,China pred.csv,2008-10-01,1327.8518859741837
1620,China pred.csv,2008-11-01,1327.8518859741837
1621,China pred.csv,2008-12-01,1327.8518859741837
1622,China pred.csv,2009-01-01,1334.621230599983
1623,China pred.csv,2009-02-01,1334.621230599983
1624,China pred.csv,2009-03-01,1334.621230599983
1625,China pred.csv,2009-04-01,1334.621230599983
1626,China pred.csv,2009-05-01,1334.621230599983
1627,China pred.csv,2009-06-01,1334.621230599983
1628,China pred.csv,2009-07-01,1334.621230599983
1629,China pred.csv,2009-08-01,1334.621230599983
1630,China pred.csv,2009-09-01,1334.621230599983
1631,China pred.csv,2009-10-01,1334.621230599983
1632,China pred.csv,2009-11-01,1334.621230599983
1633,China pred.csv,2009-12-01,1334.621230599983
1634,China pred.csv,2010-01-01,1340.9475105082954
1635,China pred.csv,2010-02-01,1340.9475105082954
1636,China pred.csv,2010-03-01,1340.9475105082954
1637,China pred.csv,2010-04-01,1340.9475105082954
1638,China pred.csv,2010-05-01,1340.9475105082954
1639,China pred.csv,2010-06-01,1340.9475105082954
1640,China pred.csv,2010-07-01,1340.9475105082954
1641,China pred.csv,2010-08-01,1340.9475105082954
1642,China pred.csv,2010-09-01,1340.9475105082954
1643,China pred.csv,2010-10-01,1340.9475105082954
1644,China pred.csv,2010-11-01,1340.9475105082954
1645,China pred.csv,2010-12-01,1340.9475105082954
1646,China pred.csv,2011-01-01,1347.2268200499964
1647,China pred.csv,2011-02-01,1347.2268200499964
1648,China pred.csv,2011-03-01,1347.2268200499964
1649,China pred.csv,2011-04-01,1347.2268200499964
1650,China pred.csv,2011-05-01,1347.2268200499964
1651,China pred.csv,2011-06-01,1347.2268200499964
1652,China pred.csv,2011-07-01,1347.2268200499964
1653,China pred.csv,2011-08-01,1347.2268200499964
1654,China pred.csv,2011-09-01,1347.2268200499964
1655,China pred.csv,2011-10-01,1347.2268200499964
1656,China pred.csv,2011-11-01,1347.2268200499964
1657,China pred.csv,2011-12-01,1347.2268200499964
1658,China pred.csv,2012-01-01,1357.2925545495225
1659,China pred.csv,2012-02-01,1357.2925545495225
1660,China pred.csv,2012-03-01,1357.2925545495225
1661,China pred.csv,2012-04-01,1357.2925545495225
1662,China pred.csv,2012-05-01,1357.2925545495225
1663,China pred.csv,2012-06-01,1357.2925545495225
1664,China pred.csv,2012-07-01,1357.2925545495225
1665,China pred.csv,2012-08-01,1357.2925545495225
1666,China pred.csv,2012-09-01,1357.2925545495225
1667,China pred.csv,2012-10-01,1357.2925545495225
1668,China pred.csv,2012-11-01,1357.2925545495225
1669,China pred.csv,2012-12-01,1357.2925545495225
1670,China pred.csv,2013-01-01,1369.840452868754
1671,China pred.csv,2013-02-01,1369.840452868754
1672,China pred.csv,2013-03-01,1369.840452868754
1673,China pred.csv,2013-04-01,1369.840452868754
1674,China pred.csv,2013-05-01,1369.840452868754
1675,China pred.csv,2013-06-01,1369.840452868754
1676,China pred.csv,2013-07-01,1369.840452868754
1677,China pred.csv,2013-08-01,1369.840452868754
1678,China pred.csv,2013-09-01,1369.840452868754
1679,China pred.csv,2013-10-01,1369.840452868754
1680,China pred.csv,2013-11-01,1369.840452868754
1681,China pred.csv,2013-12-01,1369.840452868754
1682,China pred.csv,2014-01-01,1376.2161799406326
1683,China pred.csv,2014-02-01,1376.2161799406326
1684,China pred.csv,2014-03-01,1376.2161799406326
1685,China pred.csv,2014-04-01,1376.2161799406326
1686,China pred.csv,2014-05-01,1376.2161799406326
1687,China pred.csv,2014-06-01,1376.2161799406326
1688,China pred.csv,2014-07-01,1376.2161799406326
1689,China pred.csv,2014-08-01,1376.2161799406326
1690,China pred.csv,2014-09-01,1376.2161799406326
1691,China pred.csv,2014-10-01,1376.2161799406326
1692,China pred.csv,2014-11-01,1376.2161799406326
1693,China pred.csv,2014-12-01,1376.2161799406326
1694,China pred.csv,2015-01-01,1385.1515296237676
1695,China pred.csv,2015-02-01,1385.1515296237676
1696,China pred.csv,2015-03-01,1385.1515296237676
1697,China pred.csv,2015-04-01,1385.1515296237676
1698,China pred.csv,2015-05-01,1385.1515296237676
1699,China pred.csv,2015-06-01,1385.1515296237676
1700,China pred.csv,2015-07-01,1385.1515296237676
1701,China pred.csv,2015-08-01,1385.1515296237676
1702,China pred.csv,2015-09-01,1385.1515296237676
1703,China pred.csv,2015-10-01,1385.1515296237676
1704,China pred.csv,2015-11-01,1385.1515296237676
1705,China pred.csv,2015-12-01,1385.1515296237676
1706,China pred.csv,2016-01-01,1390.289972539057
1707,China pred.csv,2016-02-01,1390.289972539057
1708,China pred.csv,2016-03-01,1390.289972539057
1709,China pred.csv,2016-04-01,1390.289972539057
1710,China pred.csv,2016-05-01,1390.289972539057
1711,China pred.csv,2016-06-01,1390.289972539057
1712,China pred.csv,2016-07-01,1390.289972539057
1713,China pred.csv,2016-08-01,1390.289972539057
1714,China pred.csv,2016-09-01,1390.289972539057
1715,China pred.csv,2016-10-01,1390.289972539057
1716,China pred.csv,2016-11-01,1390.289972539057
1717,China pred.csv,2016-12-01,1390.289972539057
1718,China pred.csv,2017-01-01,1400.6236441597464
1719,China pred.csv,2017-02-01,1400.6236441597464
1720,China pred.csv,2017-03-01,1400.6236441597464
1721,China pred.csv,2017-04-01,1400.6236441597464
1722,China pred.csv,2017-05-01,1400.6236441597464
1723,China pred.csv,2017-06-01,1400.6236441597464
1724,China pred.csv,2017-07-01,1400.6236441597464
1725,China pred.csv,2017-08-01,1400.6236441597464
1726,China pred.csv,2017-09-01,1400.6236441597464
1727,China pred.csv,2017-10-01,1400.6236441597464
1728,China pred.csv,2017-11-01,1400.6236441597464
1729,China pred.csv,2017-12-01,1400.6236441597464
1730,China pred.csv,2018-01-01,1408.4216652760651
1731,China pred.csv,2018-02-01,1408.4216652760651
1732,China pred.csv,2018-03-01,1408.4216652760651
1733,China pred.csv,2018-04-01,1408.4216652760651
1734,China pred.csv,2018-05-01,1408.4216652760651
1735,China pred.csv,2018-06-01,1408.4216652760651
1736,China pred.csv,2018-07-01,1408.4216652760651
1737,China pred.csv,2018-08-01,1408.4216652760651
1738,China pred.csv,2018-09-01,1408.4216652760651
1739,China pred.csv,2018-10-01,1408.4216652760651
1740,China pred.csv,2018-11-01,1408.421665276065
1741,China pred.csv,2018-12-01,1408.421665276065
1742,China pred.csv,2019-01-01,1410.6383109880633
1743,China pred.csv,2019-02-01,1410.6383109880633
1744,China pred.csv,2019-03-01,1410.6383109880633
1745,China pred.csv,2019-04-01,1410.6383109880633
1746,China pred.csv,2019-05-01,1410.6383109880633
1747,China pred.csv,2019-06-01,1410.6383109880633
1748,China pred.csv,2019-07-01,1410.6383109880633
1749,China pred.csv,2019-08-01,1410.6383109880633
1750,China pred.csv,2019-09-01,1410.6383109880633
1751,China pred.csv,2019-10-01,1410.6383109880633
1752,China pred.csv,2019-11-01,1410.6383109880635
1753,China pred.csv,2019-12-01,1410.6383109880635
1754,China pred.csv,2020-01-01,1413.761246030435
1755,China pred.csv,2020-02-01,1413.761246030435
1756,China pred.csv,2020-03-01,1413.761246030435
1757,China pred.csv,2020-04-01,1413.761246030435
1758,China pred.csv,2020-05-01,1413.761246030435
1759,China pred.csv,2020-06-01,1413.761246030435
1760,China pred.csv,2020-07-01,1413.761246030435
1761,China pred.csv,2020-08-01,1413.761246030435
1762,China pred.csv,2020-09-01,1413.761246030435
1763,China pred.csv,2020-10-01,1413.761246030435
1764,China pred.csv,2020-11-01,1413.761246030435
1765,China pred.csv,2020-12-01,1413.761246030435
1766,China pred.csv,2021-01-01,1413.7262632852328
1767,China pred.csv,2021-02-01,1413.7262632852328
1768,China pred.csv,2021-03-01,1413.7262632852328
1769,China pred.csv,2021-04-01,1413.7262632852328
1770,China pred.csv,2021-05-01,1413.7262632852328
1771,China pred.csv,2021-06-01,1413.7262632852328
1772,China pred.csv,2021-07-01,1413.7262632852328
1773,China pred.csv,2021-08-01,1413.7262632852328
1774,China pred.csv,2021-09-01,1413.7262632852328
1775,China pred.csv,2021-10-01,1413.7262632852328
1776,China pred.csv,2021-11-01,1413.7262632852326
1777,China pred.csv,2021-12-01,1413.7262632852326
1778,China pred.csv,2022-01-01,1412.1538803139538
1779,China pred.csv,2022-02-01,1412.1538803139538
1780,China pred.csv,2022-03-01,1412.1538803139538
1781,China pred.csv,2022-04-01,1412.1538803139536
1782,China pred.csv,2022-05-01,1412.1538803139538
1783,China pred.csv,2022-06-01,1412.1538803139536
1784,China pred.csv,2022-07-01,1412.1538803139536
1785,China pred.csv,2022-08-01,1412.1538803139536
1786,China pred.csv,2022-09-01,1412.1538803139536
1787,China pred.csv,2022-10-01,1412.1538803139538
1788,China pred.csv,2022-11-01,1412.1538803139538
1789,China pred.csv,2022-12-01,1412.1538803139538
1790,China pred.csv,2023-01-01,1410.085994006177
1791,China pred.csv,2023-02-01,1410.085994006177
1792,China pred.csv,2023-03-01,1410.085994006177
1793,China pred.csv,2023-04-01,1410.085994006177
1794,China pred.csv,2023-05-01,1410.085994006177
1795,China pred.csv,2023-06-01,1410.085994006177
1796,China pred.csv,2023-07-01,1410.085994006177
1797,China pred.csv,2023-08-01,1410.085994006177
1798,China pred.csv,2023-09-01,1410.085994006177
1799,China pred.csv,2023-10-01,1410.085994006177
