,country,year,birth_rate.xls,survival_age_65_female.xls,mortality_rate_male.xls,death_rate.xls,mortality_rate_female.xls,life_expectancy.xls,survival_age_65_male.xls,fertility_rate_female.xls,pred
34,argentina,1994,21.419,82.435609,177.904,7.403,108.916,73.172,72.025781,2.935,-34.84691599102812
35,argentina,1995,20.974,82.627283,181.927,7.535,107.854,73.133,71.554801,2.864,16.996503974522163
36,argentina,1996,20.449,82.786052,180.225,7.541,107.068,73.307,71.845695,2.781,0.0030676107833471
37,argentina,1997,19.985,82.785325,187.009,7.778,107.397,73.09,71.008322,2.706,0.0010991993455249
38,argentina,1998,19.738,83.105755,181.185,7.651,105.342,73.474,71.828462,2.662,0.0012484125527265
39,argentina,1999,19.674,83.346809,178.221,7.615,103.831,73.722,72.273863,2.643,0.0010176686717073
40,argentina,2000,19.366,83.594111,176.243,7.6,102.208,73.926,72.570527,2.591,0.0002495819472514
41,argentina,2001,18.983,84.005251,174.541,7.549,99.422,74.186,72.83991,2.531,0.0012055332474503
42,argentina,2002,18.756,84.557491,174.967,7.518,95.58,74.408,72.813219,2.493,0.0010158564438356
43,argentina,2003,18.453,83.555312,174.324,7.864,102.93,74.08,72.931453,2.451,0.000642870718245
44,argentina,2004,18.352,84.54694,165.484,7.48,95.868,74.855,74.178875,2.43,-0.0009015644497196
45,argentina,2005,18.353,85.035419,163.848,7.423,92.45,75.139,74.448597,2.426,-0.0010338211876614
46,argentina,2006,18.194,85.245892,159.537,7.369,90.894,75.433,75.089476,2.4,0.0010568853929697
47,argentina,2007,18.005,85.017297,167.463,7.748,92.523,75.006,74.045151,2.37,0.0021033773469909
48,argentina,2008,17.812,85.503738,157.517,7.467,88.91,75.641,75.426685,2.341,9.174446034876382e-06
49,argentina,2009,17.849,85.687583,152.466,7.41,87.333,75.936,76.122828,2.344,-0.0004764009606574
50,argentina,2010,17.87,85.455765,154.367,7.661,88.828,75.721,75.807744,2.346,-0.0014968470097969
51,argentina,2011,17.806,86.043442,150.196,7.51,84.699,76.124,76.340207,2.338,-0.0024373163055813
52,argentina,2012,17.729,86.783177,148.625,7.394,79.569,76.467,76.49646,2.33,-0.000431662649369
53,argentina,2013,17.632,86.836919,147.396,7.494,79.171,76.491,76.625409,2.322,-0.0007798969968035
54,argentina,2014,17.504,87.020073,142.238,7.447,78.091,76.755,77.340021,2.312,7.974187499826257e-05
55,argentina,2015,17.346,87.294176,143.506,7.543,76.307,76.76,77.188329,2.301,0.0002880506716209
56,argentina,2016,16.824,86.855301,147.558,7.947,79.285,76.308,76.650249,2.241,0.0005008349562132
57,argentina,2017,16.206,87.388787,140.418,7.692,75.849,76.833,77.726762,2.168,0.0008776524384757
58,argentina,2018,15.187,87.744382,138.893,7.68,73.538,76.999,77.969309,2.039,0.0010053900422448
59,argentina,2019,14.783,88.20058,136.151,7.6,70.582,77.284,78.412194,1.994,0.0011317729968993
60,argentina,2020,14.125,85.499563,147.707,8.509,87.621,75.892,76.217396,1.911,0.0011858922026419
61,argentina,2021,13.902,85.105289,147.702,8.955,90.414,75.39,76.225132,1.885,0.0011858922026419
62,argentina,2022,13.902,85.105289,147.702,8.955,90.414,75.39,76.225132,1.885,0.0011858922026419
63,china,1960,20.86,23.309844,598.591,25.43,482.386,33.275,15.889074,4.451,0.0011858922026419
64,china,1961,18.02,32.51377,521.116,14.24,410.621,40.468,23.334438,3.863,0.0011858922026419
65,china,1962,37.01,47.087501,420.312,10.02,319.608,50.818,35.506056,6.085,0.0011858922026419
66,china,1963,43.37,47.971833,410.834,10.04,313.046,51.408,36.537757,7.513,0.0011858922026419
67,china,1964,39.14,49.124416,399.342,11.5,304.531,52.156,37.839351,6.672,0.0011858922026419
68,china,1965,37.88,50.416924,388.835,9.5,294.639,52.912,39.049361,6.605,0.0011858922026419
69,china,1966,35.05,51.420443,376.496,8.83,287.47,53.637,40.505099,6.307,0.0011858922026419
70,china,1967,33.96,52.532423,364.6,8.43,278.798,54.351,41.89706,5.806,0.0011858922026419
71,china,1968,35.59,53.614789,352.332,8.21,270.363,55.057,43.336639,6.508,0.0011858922026419
72,china,1969,34.11,54.695269,341.615,8.03,262.09,55.738,44.665434,6.175,0.0011858922026419
73,china,1970,33.43,56.055724,329.202,7.6,252.61,56.607,46.288362,6.085,0.0011858922026419
74,china,1971,30.65,57.48167,314.247,7.32,242.725,57.565,48.250215,5.523,0.0011858922026419
75,china,1972,29.77,58.955017,303.547,7.61,232.659,58.418,49.75538,5.112,0.0011858922026419
76,china,1973,27.93,60.722675,291.178,7.04,220.422,59.389,51.490266,4.726,0.0011858922026419
77,china,1974,24.82,62.228952,284.181,7.34,210.939,60.168,52.626522,4.17,0.0011858922026419
78,china,1975,23.01,63.546288,276.353,7.32,202.972,60.917,53.843217,3.571,0.0011858922026419
79,china,1976,19.91,64.9901,266.479,7.25,194.472,61.796,55.334523,3.235,0.0011858922026419
80,china,1977,18.93,66.289261,258.409,6.87,186.93,62.538,56.599311,2.844,0.0011858922026419
81,china,1978,18.25,67.483856,251.498,6.25,180.24,63.218,57.734263,2.716,0.0011858922026419
82,china,1979,17.82,68.613067,244.515,6.21,173.98,63.865,58.867093,2.745,0.0011858922026419
83,china,1980,18.21,69.625842,238.711,6.34,168.287,64.42,59.833361,2.739,0.0011858922026419
84,china,1981,20.91,70.653671,232.629,6.36,162.328,64.975,60.831446,2.792,0.0011858922026419
85,china,1982,22.28,71.55625,226.952,6.6,156.96,65.463,61.755837,2.972,0.0011858922026419
86,china,1983,20.19,72.426801,221.976,6.9,151.661,65.904,62.572635,2.559,0.0011858922026419
87,china,1984,19.9,73.169129,216.668,6.82,147.032,66.3,63.395743,2.607,0.0011858922026419
88,china,1985,21.04,73.876326,212.228,6.78,142.348,66.643,64.077565,2.633,0.0011858922026419
89,china,1986,22.43,74.547066,207.681,6.86,137.699,66.97,64.741088,2.721,0.0011858922026419
90,china,1987,23.33,75.260942,203.434,6.72,132.592,67.288,65.327054,2.76,0.0011858922026419
91,china,1988,22.37,75.825602,198.751,6.64,128.426,67.581,65.954693,2.539,0.0011858922026419
92,china,1989,21.58,76.2781,194.483,6.54,125.05,67.838,66.524251,2.52,0.0011858922026419
93,china,1990,21.06,76.481811,191.003,6.67,123.608,68.005,66.984006,2.514,0.0011858922026419
94,china,1991,19.68,76.385206,185.477,6.7,124.306,68.169,67.726589,1.934,0.0011858922026419
95,china,1992,18.27,77.404104,178.767,6.64,117.305,68.734,68.66666,1.776,0.0011858922026419
96,china,1993,18.09,78.30804,173.969,6.64,111.374,69.216,69.363984,1.691,0.0011858922026419
97,china,1994,17.7,78.610188,169.47,6.49,109.794,69.52,70.052948,1.628,-1198.5
98,china,1995,17.12,79.458558,164.971,6.57,104.662,70.008,70.759671,1.588,586.5403671938916
99,china,1996,16.98,79.768618,161.943,6.56,103.217,70.266,71.264278,1.554,0.0302080896556162
100,china,1997,16.57,80.380484,157.99,6.51,99.915,70.672,71.92607,1.527,0.3128553942565304
101,china,1998,15.64,81.336252,155.009,6.5,94.494,71.172,72.484732,1.522,1.0381754764496236
102,china,1999,14.64,81.365846,150.881,6.46,95.624,71.419,73.229231,1.53,1.125283949815639
103,china,2000,14.03,82.215891,148.697,6.45,91.391,71.881,73.736102,1.628,0.5090845777051527
104,china,2001,13.38,83.624986,145.357,6.43,83.561,72.606,74.417991,1.563,0.4329889935140727
105,china,2002,12.86,84.14683,143.119,6.41,81.579,72.985,74.974744,1.566,0.3877935912532848
106,china,2003,12.41,84.687508,141.011,6.4,79.726,73.371,75.523298,1.57,0.3360702068996488
107,china,2004,12.29,85.200431,139.029,6.42,77.982,73.748,76.062423,1.605,-0.0265016368543911
108,china,2005,12.4,85.698883,137.196,6.51,76.045,74.111,76.565825,1.624,-0.2389363945446803
109,china,2006,12.09,86.140699,134.262,6.81,74.384,74.504,77.209014,1.644,0.6743518749215127
110,china,2007,12.1,86.551366,133.742,6.93,72.726,74.762,77.47703,1.666,0.1958125373062103
111,china,2008,12.14,86.538239,133.823,7.06,73.884,74.872,77.612422,1.701,-0.0952248646956377
112,china,2009,11.95,87.258829,129.607,7.08,69.668,75.343,78.29073,1.714,0.1641631151355795
113,china,2010,11.9,87.566831,128.122,7.11,68.689,75.599,78.618391,1.687,0.0662245719388465
114,china,2011,13.27,87.954683,126.068,7.14,67.265,75.903,79.009244,1.668,-1.9030930278770484
115,china,2012,14.57,88.354565,124.407,7.13,65.718,76.192,79.332248,1.798,-2.0417741454682528
116,china,2013,13.03,88.656018,122.306,7.13,64.805,76.452,79.719766,1.714,2.291648335354012
117,china,2014,13.83,89.004085,120.329,7.12,63.549,76.717,80.123067,1.769,-0.3292879571913545
118,china,2015,11.99,89.261519,118.37,7.07,62.27,76.977,80.444375,1.67,1.9241907637679103
119,china,2016,13.57,89.519576,116.757,7.04,60.918,77.218,80.717571,1.772,-1.8911658621593688
120,china,2017,12.64,89.765278,118.758,7.06,59.587,77.248,80.444696,1.813,0.5261806461894594
121,china,2018,10.86,90.058264,112.641,7.08,57.884,77.744,81.393775,1.554,2.986732345351129
122,china,2019,10.41,90.228562,110.228,7.09,56.969,77.968,81.781895,1.496,0.7650084661970595
123,china,2020,8.52,90.481335,109.413,7.07,55.437,78.077,81.903129,1.281,1.953302130327984
124,china,2021,7.52,90.671103,106.869,7.18,54.207,78.211,82.272771,1.164,1.953302130327984
125,china,2022,7.52,90.671103,106.869,7.18,54.207,78.211,82.272771,1.164,1.953302130327984
126,france,1960,18.7,80.575366,217.036,11.4,115.166,69.86829268292684,65.759851,2.85,1.953302130327984
127,france,1961,18.7,81.471712,214.39,11.3,109.188,70.11707317073171,66.413751,2.87,1.953302130327984
128,france,1962,18.6,81.069431,219.341,11.2,111.685,70.31463414634148,65.655784,2.89,1.953302130327984
129,france,1963,18.5,81.009305,222.354,11.1,112.453,70.51463414634148,65.096468,2.89,1.953302130327984
130,france,1964,18.4,82.015142,212.061,11.1,107.276,70.66341463414635,66.713232,2.87,1.953302130327984
131,france,1965,18.2,82.001501,217.854,11.1,108.863,70.81219512195123,66.134091,2.84,1.953302130327984
132,france,1966,18.0,82.449192,212.846,11.0,105.889,70.96097560975612,66.869366,2.8,1.953302130327984
133,france,1967,17.7,82.607637,213.778,11.0,105.465,71.16097560975611,66.806798,2.75,1.953302130327984
134,france,1968,17.5,82.729212,213.054,10.9,104.266,71.30975609756098,66.887266,2.69,1.953302130327984
135,france,1969,17.3,82.417139,217.929,10.9,106.248,71.45853658536586,66.136898,2.62,1.953302130327984
136,france,1970,17.0,83.439219,204.659,10.8,101.134,71.65853658536587,68.188887,2.55,1.953302130327984
137,france,1971,16.7,83.560162,208.877,10.8,101.064,71.90731707317073,68.018068,2.47,1.953302130327984
138,france,1972,16.3,83.737336,209.243,10.7,100.361,72.10731707317073,68.28772,2.38,1.953302130327984
139,france,1973,15.9,84.255835,206.228,10.6,97.165,72.35609756097561,68.817365,2.28,1.953302130327984
140,france,1974,15.5,84.702756,204.52,10.5,95.616,72.60487804878048,69.060024,2.18,1.953302130327984
141,france,1975,15.0,84.886221,205.232,10.4,95.071,72.85365853658539,69.198574,2.09,1.953302130327984
142,france,1976,14.6,85.300012,207.233,10.4,92.711,73.10243902439025,69.229928,2.01,1.953302130327984
143,france,1977,14.3,85.945004,201.006,10.3,88.738,73.35121951219513,70.201145,1.94,1.953302130327984
144,france,1978,14.1,86.109726,198.331,10.2,88.002,73.60243902439025,70.362417,1.89,1.953302130327984
145,france,1979,14.0,86.382091,198.265,10.2,86.13,73.85121951219513,70.697887,1.87,1.953302130327984
146,france,1980,14.0,86.596452,195.909,10.2,84.922,74.05121951219513,70.962348,1.85,1.953302130327984
147,france,1981,14.1,86.889358,192.75,10.1,82.434,74.3,71.423978,1.85,1.953302130327984
148,france,1982,14.2,87.198295,191.696,10.0,80.834,74.5,71.792424,1.86,1.953302130327984
149,france,1983,14.2,87.277452,190.313,10.0,80.978,74.8,71.986119,1.86,1.953302130327984
150,france,1984,14.3,87.751648,187.453,9.9,78.0,75.0,72.413928,1.86,1.953302130327984
151,france,1985,14.2,87.968509,185.106,9.8,76.688,75.3,72.70352,1.86,1.953302130327984
152,france,1986,14.1,88.15605,181.793,9.7,75.077,75.6,73.118168,1.85,1.953302130327984
153,france,1987,14.0,88.625159,174.992,9.6,72.87,75.8,73.986072,1.83,1.953302130327984
154,france,1988,13.8,88.756524,172.562,9.5,72.027,76.1,74.426119,1.81,1.953302130327984
155,france,1989,13.6,88.920727,171.342,9.4,70.859,76.34878048780487,74.597302,1.79,1.953302130327984
156,france,1990,13.4,89.267233,167.565,9.3,68.981,76.6,75.169334,1.77,1.953302130327984
157,france,1991,13.2,89.350249,165.877,9.2,68.2,76.84878048780489,75.395151,1.75,1.953302130327984
158,france,1992,13.1,89.572809,163.67,9.2,67.617,77.1,75.840317,1.74,1.953302130327984
159,france,1993,13.0,89.518066,162.367,9.2,68.135,77.3,76.05658,1.73,1.953302130327984
160,france,1994,12.5,89.823763,159.833,9.1,66.538,77.64878048780488,76.615129,1.73,-0.0001791352585271
161,france,1995,12.8,89.943997,156.392,9.1,65.932,77.75121951219512,77.100414,1.74,0.001988396484414
162,france,1996,12.8,90.088847,152.142,9.1,65.4,77.95365853658538,77.609396,1.75,0.0015975091770599
163,france,1997,12.7,90.386624,146.084,9.1,63.368,78.3048780487805,78.423864,1.77,0.0025219978948527
164,france,1998,12.8,90.468935,143.194,9.1,62.736,78.60487804878049,78.861871,1.78,0.0007586146622102
165,france,1999,12.9,90.5974,141.157,9.1,62.113,78.7560975609756,79.324514,1.81,-0.0020214507974571
166,france,2000,13.3,90.799666,138.639,8.9,60.936,79.05609756097562,79.726204,1.89,-0.0017296845385601
167,france,2001,13.1,90.806951,138.186,8.8,60.998,79.15853658536587,79.905747,1.9,0.0020431853748021
168,france,2002,12.9,90.940465,136.68,8.8,60.634,79.26097560975612,80.244341,1.88,0.0017575024711646
169,france,2003,12.8,90.98773,134.868,9.1,60.006,79.11463414634147,80.422684,1.89,0.00107698897299
170,france,2004,12.8,91.272975,126.87,8.3,57.921,80.16341463414635,81.51247,1.92,-0.0021818345720916
171,france,2005,12.8,91.431845,126.589,8.5,56.754,80.16341463414635,81.601283,1.94,0.0011046818520199
172,france,2006,13.1,91.50321,123.283,8.3,56.165,80.81219512195123,81.98822,2.0,0.0027388031045418
173,france,2007,12.8,91.681771,120.77,8.3,54.815,81.11219512195123,82.276489,1.98,0.0056952763289572
174,france,2008,12.9,91.656166,118.248,8.5,55.022,81.21463414634148,82.54428,2.01,0.0033947304101076
175,france,2009,12.8,91.668992,118.419,8.5,55.372,81.41463414634147,82.620291,2.0,0.0028425554809388
176,france,2010,12.9,91.841463,115.675,8.5,53.661,81.66341463414635,82.919862,2.03,0.0004317808231633
177,france,2011,12.7,91.977456,112.601,8.4,52.563,82.11463414634147,83.352109,2.01,0.0035254752615685
178,france,2012,12.6,92.081458,109.097,8.7,51.592,81.96829268292684,83.581679,2.01,0.0017419299043268
179,france,2013,12.4,92.162555,105.322,8.7,50.507,82.21951219512196,83.980509,1.99,-0.0001639397229808
180,france,2014,12.4,92.328574,100.472,8.4,49.309,82.71951219512195,84.545044,2.0,0.0110039031537496
181,france,2015,12.0,92.300907,101.59,8.9,49.377,82.3219512195122,84.355918,1.96,0.0066363257345898
182,france,2016,11.8,92.345211,97.921,8.9,48.309,82.57317073170732,84.700792,1.92,0.0068550099384907
183,france,2017,11.5,92.307415,95.38,9.1,48.266,82.57560975609756,84.992688,1.89,0.0020527824246414
184,france,2018,11.3,92.339717,94.2,9.1,48.216,82.67560975609757,85.13904,1.87,-0.0001515334000998
185,france,2019,11.2,92.444753,91.761,9.1,47.023,82.8268292682927,85.336139,1.86,0.0065232855765202
186,france,2020,10.9,92.513503,92.936,9.9,46.883,82.17560975609757,85.594679,1.83,0.0091693416100326
187,france,2021,10.9,92.702538,92.936,9.7,46.883,82.32439024390244,85.836457,1.83,0.0091693416100326
188,france,2022,10.9,92.702538,92.936,9.7,46.883,82.32439024390244,85.836457,1.83,0.0091693416100326
189,new zealand,1960,26.5,80.133096,182.74,8.79,114.7,71.23658536585367,69.858435,4.24,0.0091693416100326
190,new zealand,1961,27.1,80.006764,185.466,8.98,116.908,70.98536585365855,68.870541,4.31,0.0091693416100326
191,new zealand,1962,26.2,80.825242,182.411,8.89,113.193,71.23170731707316,69.754608,4.19,0.0091693416100326
192,new zealand,1963,25.5,80.746301,184.966,8.84,117.033,71.28048780487805,69.771741,4.05,0.0091693416100326
193,new zealand,1964,24.2,81.016928,188.591,8.83,116.144,71.32926829268293,69.067631,3.8,0.0091693416100326
194,new zealand,1965,22.9,80.380196,193.731,8.72,118.208,71.22682926829268,68.559752,3.54,0.0091693416100326
195,new zealand,1966,22.5,80.635676,195.964,8.86,116.088,71.12439024390245,68.341432,3.41,0.0091693416100326
196,new zealand,1967,22.5,80.331642,201.303,8.43,118.953,71.47317073170733,68.216616,3.35,0.0091693416100326
197,new zealand,1968,22.7,80.552058,192.318,8.88,117.753,71.12439024390245,68.458098,3.34,0.0091693416100326
198,new zealand,1969,22.3,80.934911,190.976,8.69,117.024,71.47317073170733,69.136101,3.28,0.0091693416100326
199,new zealand,1970,22.1,80.743163,196.789,8.81,118.365,71.27317073170732,68.440471,3.17,0.0091693416100326
200,new zealand,1971,22.6,81.193258,192.067,8.49,115.528,71.77317073170732,68.991466,3.18,0.0091693416100326
201,new zealand,1972,21.8,81.236247,186.272,8.51,111.657,71.82926829268294,69.752345,3.0,0.0091693416100326
202,new zealand,1973,20.5,81.662408,198.365,8.5,111.066,71.66829268292685,68.866343,2.76,0.0091693416100326
203,new zealand,1974,19.6,81.038819,188.546,8.3,115.173,71.92439024390244,69.729987,2.58,0.0091693416100326
204,new zealand,1975,18.3,81.799876,185.365,8.1,107.577,72.21951219512196,69.771164,2.37,0.0091693416100326
205,new zealand,1976,17.7,81.940649,183.619,8.13,112.386,72.42195121951221,70.842137,2.27,0.0091693416100326
206,new zealand,1977,17.3,81.607243,190.338,8.26,113.946,72.16829268292683,70.088821,2.21,0.0091693416100326
207,new zealand,1978,16.3,82.630077,180.019,7.85,108.497,73.01951219512196,71.060879,2.07,0.0091693416100326
208,new zealand,1979,16.8,83.112773,178.495,8.08,102.265,73.06829268292685,71.430768,2.12,0.0091693416100326
209,new zealand,1980,16.2,82.407769,167.271,8.48,108.073,72.82926829268294,72.715677,2.03,0.0091693416100326
210,new zealand,1981,16.2,83.83386,170.954,7.97,99.83,73.62195121951221,72.927595,2.01,0.0091693416100326
211,new zealand,1982,15.8,83.358504,164.311,8.03,104.96,73.72439024390243,73.307142,1.95,0.0091693416100326
212,new zealand,1983,15.8,83.970768,161.794,8.07,94.997,73.77560975609757,73.874345,1.92,0.0091693416100326
213,new zealand,1984,16.0,84.734785,157.407,7.8,93.449,74.37073170731708,74.640604,1.93,0.0091693416100326
214,new zealand,1985,15.9,83.891397,158.999,8.4,97.378,73.82926829268293,74.329731,1.93,0.0091693416100326
215,new zealand,1986,16.3,84.456503,157.764,8.25,93.876,74.1219512195122,74.411102,1.96,0.0091693416100326
216,new zealand,1987,16.8,84.119898,158.575,8.3,96.599,74.17804878048781,75.132314,2.03,0.0091693416100326
217,new zealand,1988,17.3,85.298206,152.32,8.26,88.773,74.42439024390244,75.226505,2.1,0.0091693416100326
218,new zealand,1989,17.5,85.216769,146.364,8.12,89.472,74.82439024390244,76.349392,2.12,0.0091693416100326
219,new zealand,1990,17.5,85.179245,142.877,7.89,93.154,75.37804878048782,77.37965,2.18,0.0091693416100326
220,new zealand,1991,17.4,86.102307,133.532,7.55,85.341,76.03170731707318,78.544085,2.09,0.0091693416100326
221,new zealand,1992,17.28,87.09965,136.335,7.67,79.587,76.12439024390245,78.409256,2.06,0.0091693416100326
222,new zealand,1993,16.53,86.65249,129.549,7.58,81.649,76.43414634146342,79.614783,2.04,0.0091693416100326
223,new zealand,1994,15.95,87.194957,121.75,7.44,76.837,76.8829268292683,80.567608,1.98,0.000376793740437
224,new zealand,1995,15.77,87.00142,125.973,7.57,80.833,76.73414634146343,80.240239,1.98,0.0004362424067458
225,new zealand,1996,15.34,87.022427,122.153,7.57,77.131,76.7878048780488,80.259001,1.96,0.000398555961433
226,new zealand,1997,15.23,87.856279,119.559,7.26,76.658,77.33414634146342,81.049344,1.96,0.0002794420449085
227,new zealand,1998,14.51,88.302318,112.133,6.87,71.375,78.08536585365854,82.013434,1.89,0.0001889057553872
228,new zealand,1999,14.87,88.347488,111.825,7.33,70.399,77.89024390243904,82.042272,1.97,0.0002136160428367
229,new zealand,2000,14.66,88.939091,104.312,6.91,67.077,78.63658536585366,83.688795,1.98,0.0001970675577105
230,new zealand,2001,14.36,89.061494,100.077,7.16,64.107,78.69268292682928,83.971979,1.97,0.0004660158543265
231,new zealand,2002,13.67,89.408889,100.426,7.1,64.566,78.84634146341463,84.208873,1.89,0.0005359789782461
232,new zealand,2003,13.94,89.625169,98.588,6.95,64.71,79.14634146341464,84.596365,1.93,0.0004467630489752
233,new zealand,2004,14.2,89.642614,93.11,6.95,62.964,79.54878048780488,85.436352,1.98,0.0003480307199632
234,new zealand,2005,13.96,90.296818,94.411,6.54,59.596,79.85121951219514,85.47659,1.97,0.0003564676558092
235,new zealand,2006,14.14,90.511505,90.167,6.75,59.427,80.04878048780489,85.76425,2.01,0.0003250304400053
236,new zealand,2007,15.15,90.577684,91.593,6.75,58.429,80.15121951219513,85.887683,2.18,0.000281537465316
237,new zealand,2008,15.1,90.62003,87.738,6.85,58.291,80.35121951219514,86.237072,2.19,0.0002638249073063
238,new zealand,2009,14.53,90.857029,87.298,6.73,56.586,80.70243902439024,86.522062,2.13,0.0003795700827602
239,new zealand,2010,14.68,91.262708,85.44,6.53,54.4,80.90487804878049,87.045956,2.17,0.0002939007397326
240,new zealand,2011,14.0,91.123031,84.877,6.86,55.589,81.15609756097562,87.070622,2.09,0.0001925923006611
241,new zealand,2012,13.87,91.59625,81.99,6.82,53.037,81.40731707317073,87.491985,2.1,0.0002322512674917
242,new zealand,2013,13.2,91.539937,80.47,6.65,52.498,81.40487804878049,87.827791,2.01,0.0004579268380435
243,new zealand,2014,12.67,91.518152,79.095,6.87,51.758,81.4568292682927,87.688931,1.92,0.0006179195445144
244,new zealand,2015,13.23,91.63551,76.511,6.85,52.403,81.61243902439026,87.75975,1.99,0.0007011774307628
245,new zealand,2016,12.6,91.713723,79.171,6.61,51.88,81.65853658536587,87.689942,1.87,0.000690375553602
246,new zealand,2017,12.38,91.717106,79.952,6.92,51.903,81.85853658536587,87.554155,1.81,0.0005966646432424
247,new zealand,2018,11.84,91.778501,80.075,6.78,51.556,81.70731707317074,87.771663,1.71,0.000523642904664
248,new zealand,2019,11.96,91.838501,82.524,6.87,50.809,82.05609756097562,87.830913,1.72,0.0007973556466387
249,new zealand,2020,11.32,92.026803,74.237,6.41,50.183,82.25609756097562,88.067662,1.61,0.0326750039410077
250,new zealand,2021,11.48,91.611085,77.693,6.83,49.188,82.20731707317074,87.015552,1.64,0.0326750039410077
251,new zealand,2022,11.48,91.611085,77.693,6.83,49.188,82.20731707317074,87.015552,1.64,0.0326750039410077
252,norway,1960,17.3,85.211926,142.456,9.1,81.753,73.54975609756099,75.593075,2.85,0.0326750039410077
253,norway,1961,17.3,85.125942,148.742,9.2,82.065,73.55048780487806,74.995078,2.94,0.0326750039410077
254,norway,1962,17.1,85.199665,151.456,9.4,82.115,73.44804878048781,74.820926,2.91,0.0326750039410077
255,norway,1963,17.3,85.124796,153.279,10.0,82.013,73.07756097560976,74.717342,2.93,0.0326750039410077
256,norway,1964,17.7,85.706756,148.384,9.5,77.566,73.5958536585366,74.928389,2.98,0.0326750039410077
257,norway,1965,17.8,85.77391,154.843,9.4,76.924,73.72317073170731,74.622498,2.94,0.0326750039410077
258,norway,1966,17.9,86.075088,148.616,9.6,77.744,73.99536585365854,75.43094,2.9,0.0326750039410077
259,norway,1967,17.6,86.277096,150.656,9.6,76.352,74.06658536585367,75.227928,2.81,0.0326750039410077
260,norway,1968,17.6,86.333978,152.267,9.9,77.458,73.9419512195122,74.828091,2.75,0.0326750039410077
261,norway,1969,17.6,85.712502,157.727,10.1,81.83,73.66341463414635,74.074306,2.7,0.0326750039410077
262,norway,1970,16.7,86.971062,158.199,10.0,76.352,74.08804878048781,74.355133,2.5,0.0326750039410077
263,norway,1971,16.8,87.030331,154.287,10.0,75.432,74.17926829268293,74.79627,2.49,0.0326750039410077
264,norway,1972,16.3,87.076981,153.342,10.0,75.129,74.34463414634146,75.147257,2.38,0.0326750039410077
265,norway,1973,15.5,87.333104,154.841,10.1,73.247,74.44219512195122,75.134524,2.23,0.0326750039410077
266,norway,1974,15.0,87.43739,152.795,9.9,73.353,74.75365853658538,75.386435,2.13,0.0326750039410077
267,norway,1975,14.1,87.399317,149.982,10.0,73.009,74.81756097560975,75.619759,1.98,0.0326750039410077
268,norway,1976,13.3,87.359278,147.996,10.0,72.42,75.03951219512196,75.858962,1.86,0.0326750039410077
269,norway,1977,12.6,87.938572,150.258,9.8,71.572,75.38682926829269,76.42376,1.75,0.0326750039410077
270,norway,1978,12.8,87.944116,146.157,10.0,70.752,75.41853658536586,76.447738,1.77,0.0326750039410077
271,norway,1979,12.7,88.217644,148.489,10.2,69.783,75.4139024390244,76.004331,1.75,0.0326750039410077
272,norway,1980,12.5,88.539444,146.518,10.1,67.552,75.67170731707319,76.309381,1.72,0.0326750039410077
273,norway,1981,12.4,88.540064,142.89,10.2,68.871,75.86902439024391,76.999787,1.7,0.0326750039410077
274,norway,1982,12.5,88.566055,143.489,10.1,65.727,76.01097560975612,77.043226,1.71,0.0326750039410077
275,norway,1983,12.1,88.728175,141.316,10.2,68.898,76.0668292682927,77.042284,1.66,0.0326750039410077
276,norway,1984,12.1,88.56936,137.271,10.3,66.274,76.22439024390245,77.862323,1.66,0.0326750039410077
277,norway,1985,12.3,88.426029,140.496,10.7,69.098,75.91682926829269,77.2963,1.68,0.0326750039410077
278,norway,1986,12.6,88.478493,138.078,10.5,69.9,76.24121951219514,77.577134,1.71,0.0326750039410077
279,norway,1987,12.9,88.422124,140.156,10.7,69.376,76.08170731707318,77.399349,1.74,0.0326750039410077
280,norway,1988,13.7,88.409487,135.988,10.8,70.116,76.22048780487806,77.94226,1.84,0.0326750039410077
281,norway,1989,14.0,88.639518,131.553,10.7,67.211,76.50048780487805,78.522588,1.89,0.0326750039410077
282,norway,1990,14.4,88.871502,127.55,10.9,65.199,76.53731707317074,79.251925,1.93,0.0326750039410077
283,norway,1991,14.3,89.180437,124.126,10.5,65.043,76.98073170731708,80.00058,1.92,0.0326750039410077
284,norway,1992,14.0,89.214152,122.745,10.4,65.058,77.18439024390246,80.247206,1.88,0.0326750039410077
285,norway,1993,13.8,89.426475,115.746,10.8,62.846,77.15170731707317,80.77596,1.86,0.0326750039410077
286,norway,1994,13.9,89.440846,111.776,10.2,63.732,77.68975609756099,81.830554,1.87,-4.324814999907064
287,norway,1995,13.8,89.922973,113.537,10.4,60.983,77.73658536585367,81.945728,1.87,2.1388124997842164
288,norway,1996,13.9,89.82468,106.706,10.0,63.729,78.15048780487807,82.780801,1.89,0.0004489301104815
289,norway,1997,13.6,89.846247,104.405,10.1,63.334,78.14268292682927,82.958105,1.86,-5.242935719351749e-06
290,norway,1998,13.2,90.16389,108.449,10.0,61.963,78.32926829268293,82.793215,1.81,-0.0002407450043024
291,norway,1999,13.3,90.042705,103.474,10.1,60.578,78.28292682926829,83.430687,1.85,-0.0004541178081964
292,norway,2000,13.2,90.139982,106.629,9.8,61.089,78.63414634146342,83.773419,1.85,-0.0007760325465469
293,norway,2001,12.6,90.275325,101.212,9.7,59.779,78.78536585365853,84.176485,1.78,0.0006283369101138
294,norway,2002,12.2,90.348515,99.014,9.8,58.943,78.98780487804879,84.512814,1.75,0.0006800414999608
295,norway,2003,12.4,90.752263,94.188,9.3,56.879,79.39024390243902,85.298289,1.8,-0.0003859985897971
296,norway,2004,12.4,91.038586,92.071,9.0,56.784,79.84146341463416,85.71892,1.83,0.0001253754036252
297,norway,2005,12.3,90.992574,88.359,8.9,55.982,80.04146341463415,86.133929,1.84,-0.0005385500621573
298,norway,2006,12.6,91.277331,85.973,8.9,53.192,80.34390243902439,86.266779,1.9,-0.0005855474895568
299,norway,2007,12.4,91.447317,81.324,8.9,52.837,80.39512195121952,86.868311,1.9,-0.0010784978050271
300,norway,2008,12.7,91.738457,82.741,8.7,49.79,80.59268292682928,86.883967,1.96,-0.0020546217596351
301,norway,2009,12.8,91.808711,82.932,8.6,50.03,80.79512195121951,86.965785,1.98,-0.0013986571472797
302,norway,2010,12.6,91.822945,79.608,8.5,50.116,80.99756097560977,87.380574,1.95,-0.0002118933945238
303,norway,2011,12.2,91.994249,79.947,8.4,49.575,81.2951219512195,87.643534,1.88,-0.0002206757781824
304,norway,2012,12.0,92.504908,73.747,8.4,44.447,81.45121951219514,88.051559,1.85,-0.000267697282875
305,norway,2013,11.6,92.395444,75.058,8.1,45.912,81.75121951219514,88.263929,1.78,-0.0001226760534933
306,norway,2014,11.5,92.897994,69.462,7.9,43.49,82.1,88.900904,1.75,0.0008330608047346
307,norway,2015,11.3,93.056963,65.805,7.8,41.989,82.30487804878051,89.411324,1.72,0.0004957354373722
308,norway,2016,11.3,93.044835,65.857,7.8,41.705,82.40731707317074,89.458676,1.71,0.0012407426562264
309,norway,2017,10.7,93.448653,61.92,7.7,39.376,82.60975609756098,90.056902,1.62,0.0007678104501565
310,norway,2018,10.4,93.469671,62.496,7.7,38.719,82.75853658536586,90.021364,1.56,0.001136467681678
311,norway,2019,10.2,93.718548,60.834,7.6,37.433,82.95853658536586,90.132612,1.53,0.0008228979260911
312,norway,2020,9.8,93.846527,59.917,7.5,37.226,83.20975609756097,90.598849,1.48,-0.0100428588042662
313,norway,2021,10.4,94.24074,59.917,7.8,37.226,83.16341463414635,91.091217,1.55,-0.0100428588042662
314,norway,2022,10.4,94.24074,59.917,7.8,37.226,83.16341463414635,91.091217,1.55,-0.0100428588042662
